2D FM Ising; L=256; T=0.10; s_hi=1.00; s_Hi=0.32; MC steps= 2.00e+04; repeat=200; Final_E=-130547.89; Final_M=118;
mc_step,mag,energy,domain_len
0,0.00000000,-1.98450337,512.00000000
1,0.00000000,-1.98486985,556.83000000
2,0.00001785,-1.98525923,574.03000000
3,0.00002762,-1.98556485,581.34000000
4,0.00001877,-1.98579074,584.66000000
5,0.00000992,-1.98596035,588.21000000
6,0.00003586,-1.98608736,590.14000000
7,0.00003098,-1.98619435,591.50000000
8,0.00003204,-1.98628153,592.95000000
9,0.00002777,-1.98636043,593.66000000
10,0.00004578,-1.98642585,594.26000000
11,0.00003326,-1.98648416,596.52000000
12,0.00002045,-1.98653407,598.04000000
13,0.00002808,-1.98657944,598.98000000
14,0.00003372,-1.98662126,599.51000000
15,0.00002640,-1.98666279,600.47000000
16,0.00002625,-1.98669353,601.03000000
17,0.00003143,-1.98672010,601.38000000
18,0.00003891,-1.98675195,602.52000000
19,0.00004227,-1.98678036,603.09000000
20,0.00004623,-1.98680547,603.66000000
21,0.00005112,-1.98683414,603.96000000
22,0.00004532,-1.98685559,604.14000000
23,0.00003387,-1.98687680,604.80000000
24,0.00003708,-1.98689909,604.91000000
25,0.00002777,-1.98691697,604.45000000
26,0.00003052,-1.98693208,605.49000000
27,0.00003906,-1.98694677,606.49000000
28,0.00003143,-1.98696230,606.82000000
29,0.00003128,-1.98697908,607.25000000
30,0.00003693,-1.98699318,607.10000000
31,0.00004028,-1.98700591,607.72000000
32,0.00003311,-1.98701887,607.80000000
33,0.00004578,-1.98703182,607.97000000
34,0.00003525,-1.98704532,608.15000000
35,0.00003632,-1.98705640,608.25000000
36,0.00002228,-1.98706922,608.25000000
37,0.00003006,-1.98708059,608.60000000
38,0.00003754,-1.98709133,610.02000000
39,0.00004486,-1.98710252,610.32000000
40,0.00004135,-1.98711534,610.29000000
41,0.00003662,-1.98712376,610.32000000
42,0.00002319,-1.98713485,610.58000000
43,0.00003036,-1.98714836,611.10000000
44,0.00001175,-1.98716056,610.78000000
45,0.00001648,-1.98716784,611.30000000
46,0.00001160,-1.98717865,611.34000000
47,0.00001236,-1.98718723,611.76000000
48,0.00001862,-1.98719580,612.17000000
49,0.00001099,-1.98720640,611.95000000
50,0.00003036,-1.98721138,612.38000000
51,0.00003525,-1.98722044,611.95000000
52,0.00002167,-1.98722679,611.67000000
53,0.00000946,-1.98723207,611.97000000
54,0.00001755,-1.98723862,612.31000000
55,0.00002808,-1.98724624,613.33000000
56,0.00002060,-1.98725523,613.00000000
57,0.00003143,-1.98726359,613.12000000
58,0.00002991,-1.98727115,613.32000000
59,0.00003525,-1.98727780,613.54000000
60,0.00003433,-1.98728586,614.24000000
61,0.00003769,-1.98729454,614.10000000
62,0.00003555,-1.98730241,614.26000000
63,0.00003860,-1.98731154,614.19000000
64,0.00005524,-1.98731874,614.79000000
65,0.00005676,-1.98732777,614.62000000
66,0.00005966,-1.98733258,614.78000000
67,0.00005173,-1.98733975,615.01000000
68,0.00004974,-1.98734576,614.91000000
69,0.00005981,-1.98734991,615.83000000
70,0.00005615,-1.98735565,615.96000000
71,0.00005630,-1.98736131,615.85000000
72,0.00005341,-1.98736807,616.02000000
73,0.00005829,-1.98737338,616.62000000
74,0.00006393,-1.98737948,616.20000000
75,0.00006027,-1.98738393,616.47000000
76,0.00005219,-1.98738924,616.68000000
77,0.00005005,-1.98739456,616.21000000
78,0.00004745,-1.98739867,616.74000000
79,0.00005005,-1.98740702,616.75000000
80,0.00005890,-1.98740991,616.74000000
81,0.00005539,-1.98741444,617.32000000
82,0.00004547,-1.98742042,617.28000000
83,0.00006104,-1.98742680,617.58000000
84,0.00006668,-1.98743211,617.26000000
85,0.00006775,-1.98743685,617.85000000
86,0.00007019,-1.98744371,617.87000000
87,0.00006577,-1.98744579,617.70000000
88,0.00006882,-1.98744976,617.14000000
89,0.00006622,-1.98745667,617.71000000
90,0.00007446,-1.98746211,618.40000000
91,0.00006607,-1.98746754,618.17000000
92,0.00006424,-1.98747358,618.02000000
93,0.00006302,-1.98747838,618.38000000
94,0.00006729,-1.98748075,618.60000000
95,0.00007935,-1.98748599,618.47000000
96,0.00006821,-1.98749094,618.85000000
97,0.00005981,-1.98749493,619.18000000
98,0.00006226,-1.98749727,619.08000000
99,0.00005646,-1.98750333,618.98000000
100,0.00005585,-1.98750780,619.07000000
101,0.00007095,-1.98751220,619.06000000
102,0.00006989,-1.98751630,619.50000000
103,0.00007080,-1.98751998,619.69000000
104,0.00007401,-1.98752675,619.21000000
105,0.00007294,-1.98752803,619.29000000
106,0.00005981,-1.98753089,619.17000000
107,0.00007690,-1.98753648,619.15000000
108,0.00007004,-1.98753758,619.82000000
109,0.00006454,-1.98754065,619.30000000
110,0.00006332,-1.98754501,619.15000000
111,0.00005707,-1.98754671,619.70000000
112,0.00005600,-1.98754962,619.82000000
113,0.00005859,-1.98755210,620.00000000
114,0.00007202,-1.98755425,620.39000000
115,0.00006180,-1.98755948,620.54000000
116,0.00006821,-1.98756255,620.72000000
117,0.00007217,-1.98756775,620.75000000
118,0.00007385,-1.98757245,620.80000000
119,0.00008026,-1.98757803,619.99000000
120,0.00006454,-1.98757964,620.01000000
121,0.00006927,-1.98758217,620.20000000
122,0.00007431,-1.98758448,620.60000000
123,0.00007828,-1.98758673,620.68000000
124,0.00006561,-1.98758940,620.99000000
125,0.00007355,-1.98759307,620.70000000
126,0.00007446,-1.98759299,621.66000000
127,0.00006546,-1.98759750,621.27000000
128,0.00006622,-1.98760137,620.95000000
129,0.00007004,-1.98760387,621.54000000
130,0.00007355,-1.98760655,621.71000000
131,0.00007523,-1.98761225,622.23000000
132,0.00006989,-1.98761317,622.29000000
133,0.00006805,-1.98761661,621.34000000
134,0.00007462,-1.98761884,622.05000000
135,0.00008224,-1.98762357,621.76000000
136,0.00008148,-1.98762524,622.24000000
137,0.00007034,-1.98762703,622.00000000
138,0.00007019,-1.98762993,621.67000000
139,0.00006882,-1.98763106,621.94000000
140,0.00008148,-1.98763206,622.49000000
141,0.00007645,-1.98763652,621.89000000
142,0.00007416,-1.98763918,622.16000000
143,0.00006393,-1.98764066,622.58000000
144,0.00006378,-1.98764159,622.36000000
145,0.00006699,-1.98764584,622.64000000
146,0.00006195,-1.98765015,622.83000000
147,0.00005722,-1.98765399,622.74000000
148,0.00005020,-1.98765815,623.08000000
149,0.00004044,-1.98765988,622.94000000
150,0.00004501,-1.98766344,622.63000000
151,0.00005173,-1.98766692,622.73000000
152,0.00006531,-1.98766696,622.30000000
153,0.00006149,-1.98766699,623.14000000
154,0.00005219,-1.98766904,622.86000000
155,0.00005798,-1.98767050,622.86000000
156,0.00004364,-1.98767249,622.94000000
157,0.00004913,-1.98767543,623.30000000
158,0.00006500,-1.98767697,622.70000000
159,0.00005890,-1.98767941,623.66000000
160,0.00006134,-1.98768237,623.16000000
161,0.00006836,-1.98768193,623.79000000
162,0.00005386,-1.98768373,623.93000000
163,0.00005341,-1.98768752,623.39000000
164,0.00005524,-1.98769030,623.42000000
165,0.00005920,-1.98769120,623.81000000
166,0.00006516,-1.98769389,623.66000000
167,0.00005936,-1.98769616,623.35000000
168,0.00006180,-1.98770008,623.31000000
169,0.00006027,-1.98770190,624.03000000
170,0.00006165,-1.98770392,624.47000000
171,0.00005600,-1.98770575,624.02000000
172,0.00006134,-1.98770824,624.54000000
173,0.00006744,-1.98771043,624.24000000
174,0.00006226,-1.98771308,624.57000000
175,0.00006531,-1.98771699,624.26000000
176,0.00007523,-1.98771867,624.06000000
177,0.00007233,-1.98772025,624.29000000
178,0.00007706,-1.98772153,624.01000000
179,0.00007568,-1.98772426,624.31000000
180,0.00008606,-1.98772535,624.55000000
181,0.00007904,-1.98772977,624.29000000
182,0.00007263,-1.98773192,624.19000000
183,0.00007690,-1.98773298,624.79000000
184,0.00006927,-1.98773406,624.85000000
185,0.00006180,-1.98773421,624.99000000
186,0.00006638,-1.98773729,624.67000000
187,0.00006424,-1.98773815,624.98000000
188,0.00008118,-1.98773881,624.75000000
189,0.00007767,-1.98774115,624.86000000
190,0.00007004,-1.98774407,624.98000000
191,0.00007523,-1.98774608,625.01000000
192,0.00007706,-1.98774593,625.07000000
193,0.00007217,-1.98774914,625.09000000
194,0.00008347,-1.98774903,625.82000000
195,0.00008240,-1.98775339,625.30000000
196,0.00007462,-1.98775423,624.99000000
197,0.00007980,-1.98775471,625.34000000
198,0.00007950,-1.98775601,624.53000000
199,0.00007645,-1.98775675,625.63000000
200,0.00008377,-1.98775979,624.95000000
201,0.00008942,-1.98776175,625.16000000
202,0.00007645,-1.98776091,626.34000000
203,0.00007706,-1.98776224,626.07000000
204,0.00007568,-1.98776673,626.18000000
205,0.00008057,-1.98776866,625.68000000
206,0.00007980,-1.98777115,625.36000000
207,0.00008698,-1.98777219,625.28000000
208,0.00007034,-1.98777336,625.55000000
209,0.00007401,-1.98777558,625.79000000
210,0.00007660,-1.98777689,625.98000000
211,0.00007767,-1.98777692,626.27000000
212,0.00007523,-1.98778140,625.73000000
213,0.00007629,-1.98778310,625.86000000
214,0.00007980,-1.98778275,626.06000000
215,0.00007721,-1.98778255,625.92000000
216,0.00008102,-1.98778549,626.73000000
217,0.00007690,-1.98778509,626.42000000
218,0.00008377,-1.98778973,626.17000000
219,0.00008911,-1.98779160,626.06000000
220,0.00008682,-1.98779178,626.08000000
221,0.00008255,-1.98779472,626.54000000
222,0.00008530,-1.98779443,626.79000000
223,0.00008621,-1.98779354,626.70000000
224,0.00009232,-1.98779519,626.33000000
225,0.00008194,-1.98779587,626.70000000
226,0.00007141,-1.98779701,626.80000000
227,0.00007217,-1.98780053,626.88000000
228,0.00007339,-1.98780284,626.77000000
229,0.00008240,-1.98780513,626.37000000
230,0.00008301,-1.98780631,625.83000000
231,0.00008408,-1.98780742,625.69000000
232,0.00008926,-1.98780756,626.64000000
233,0.00008591,-1.98780665,626.91000000
234,0.00008224,-1.98780924,626.73000000
235,0.00007065,-1.98780904,627.15000000
236,0.00007919,-1.98780820,626.56000000
237,0.00007431,-1.98780910,626.83000000
238,0.00007446,-1.98781031,627.40000000
239,0.00007446,-1.98781084,627.17000000
240,0.00006500,-1.98781241,627.45000000
241,0.00005646,-1.98781566,627.73000000
242,0.00005707,-1.98781761,626.70000000
243,0.00006073,-1.98782089,626.69000000
244,0.00007294,-1.98782138,626.62000000
245,0.00006592,-1.98782421,627.45000000
246,0.00005310,-1.98782553,626.98000000
247,0.00006470,-1.98782703,626.62000000
248,0.00006271,-1.98782704,627.88000000
249,0.00006943,-1.98782958,627.51000000
250,0.00007172,-1.98783182,627.23000000
251,0.00006699,-1.98783430,628.00000000
252,0.00007782,-1.98783470,627.92000000
253,0.00007019,-1.98783694,628.02000000
254,0.00007065,-1.98783685,627.88000000
255,0.00007080,-1.98783985,627.59000000
256,0.00007980,-1.98784143,627.87000000
257,0.00007126,-1.98784083,627.56000000
258,0.00006897,-1.98784479,627.60000000
259,0.00008362,-1.98784346,627.97000000
260,0.00007568,-1.98784664,628.35000000
261,0.00007568,-1.98784875,627.70000000
262,0.00007172,-1.98785006,627.98000000
263,0.00007935,-1.98785033,628.41000000
264,0.00008698,-1.98785223,628.04000000
265,0.00008560,-1.98785421,628.18000000
266,0.00007965,-1.98785546,628.72000000
267,0.00008759,-1.98785700,627.89000000
268,0.00007858,-1.98785924,628.15000000
269,0.00007736,-1.98785765,628.00000000
270,0.00007584,-1.98786063,628.22000000
271,0.00007477,-1.98786180,627.99000000
272,0.00007141,-1.98786261,628.52000000
273,0.00006714,-1.98786468,628.11000000
274,0.00007278,-1.98786481,628.81000000
275,0.00006317,-1.98786957,628.63000000
276,0.00006104,-1.98787131,628.72000000
277,0.00006866,-1.98787275,628.50000000
278,0.00006516,-1.98787496,628.57000000
279,0.00005508,-1.98787325,628.73000000
280,0.00006744,-1.98787547,628.93000000
281,0.00006943,-1.98787663,628.68000000
282,0.00006241,-1.98787757,628.97000000
283,0.00006561,-1.98788021,628.76000000
284,0.00007477,-1.98788126,629.05000000
285,0.00006607,-1.98788323,628.94000000
286,0.00006241,-1.98788355,629.04000000
287,0.00006409,-1.98788380,628.60000000
288,0.00007401,-1.98788424,628.86000000
289,0.00007263,-1.98788581,628.86000000
290,0.00006943,-1.98788788,629.43000000
291,0.00006821,-1.98788905,629.14000000
292,0.00007599,-1.98789065,629.56000000
293,0.00008286,-1.98789334,629.17000000
294,0.00008392,-1.98789343,628.53000000
295,0.00008606,-1.98789513,628.63000000
296,0.00007828,-1.98789593,629.05000000
297,0.00007950,-1.98789616,629.00000000
298,0.00008011,-1.98789764,629.22000000
299,0.00008408,-1.98789896,628.92000000
300,0.00007858,-1.98789850,629.06000000
301,0.00008179,-1.98789924,629.22000000
302,0.00007767,-1.98790070,629.48000000
303,0.00007965,-1.98790371,628.77000000
304,0.00008545,-1.98790426,629.68000000
305,0.00008865,-1.98790652,629.13000000
306,0.00009247,-1.98790807,630.01000000
307,0.00009308,-1.98790605,629.70000000
308,0.00009232,-1.98790577,629.15000000
309,0.00009399,-1.98790715,629.26000000
310,0.00009216,-1.98791040,628.92000000
311,0.00008453,-1.98791171,629.38000000
312,0.00009323,-1.98791238,629.78000000
313,0.00009293,-1.98791377,629.63000000
314,0.00008606,-1.98791384,628.99000000
315,0.00009521,-1.98791477,629.20000000
316,0.00009171,-1.98791493,629.48000000
317,0.00009445,-1.98791839,629.20000000
318,0.00009094,-1.98791914,629.14000000
319,0.00009567,-1.98791950,629.13000000
320,0.00009155,-1.98792194,629.12000000
321,0.00009460,-1.98792220,629.61000000
322,0.00009552,-1.98792299,629.93000000
323,0.00008545,-1.98792375,630.18000000
324,0.00008270,-1.98792476,629.84000000
325,0.00008636,-1.98792767,629.75000000
326,0.00008820,-1.98792727,629.85000000
327,0.00008240,-1.98792747,629.80000000
328,0.00007660,-1.98792987,629.77000000
329,0.00008438,-1.98793139,630.16000000
330,0.00007904,-1.98793251,629.87000000
331,0.00009232,-1.98793344,629.70000000
332,0.00007538,-1.98793345,630.08000000
333,0.00007568,-1.98793391,629.69000000
334,0.00007874,-1.98793686,629.58000000
335,0.00008865,-1.98794037,629.69000000
336,0.00008835,-1.98794063,630.13000000
337,0.00008392,-1.98794134,629.58000000
338,0.00008026,-1.98794263,630.05000000
339,0.00008316,-1.98794331,630.33000000
340,0.00008911,-1.98794524,630.32000000
341,0.00008377,-1.98794664,630.46000000
342,0.00008087,-1.98794827,630.91000000
343,0.00009018,-1.98794735,630.17000000
344,0.00008072,-1.98794751,629.80000000
345,0.00007599,-1.98795018,629.56000000
346,0.00008087,-1.98794943,629.89000000
347,0.00007401,-1.98794987,630.41000000
348,0.00008286,-1.98795066,630.61000000
349,0.00007782,-1.98795152,630.07000000
350,0.00008255,-1.98795296,630.48000000
351,0.00008347,-1.98795215,630.52000000
352,0.00007690,-1.98795358,630.76000000
353,0.00007797,-1.98795452,630.88000000
354,0.00007935,-1.98795660,630.78000000
355,0.00008392,-1.98795753,630.23000000
356,0.00008240,-1.98796004,629.94000000
357,0.00007950,-1.98795899,630.30000000
358,0.00008347,-1.98796095,630.72000000
359,0.00008530,-1.98796111,630.74000000
360,0.00009369,-1.98796298,630.48000000
361,0.00008423,-1.98796270,630.32000000
362,0.00008591,-1.98796451,630.53000000
363,0.00009048,-1.98796473,630.57000000
364,0.00009888,-1.98796440,630.70000000
365,0.00009247,-1.98796656,630.55000000
366,0.00008682,-1.98796762,630.78000000
367,0.00009567,-1.98796886,631.40000000
368,0.00009338,-1.98797058,631.27000000
369,0.00008865,-1.98797040,631.03000000
370,0.00009552,-1.98797153,631.39000000
371,0.00008881,-1.98797468,631.49000000
372,0.00008636,-1.98797381,631.34000000
373,0.00009262,-1.98797617,631.20000000
374,0.00009628,-1.98797759,630.76000000
375,0.00010025,-1.98797708,631.06000000
376,0.00010391,-1.98797613,631.60000000
377,0.00009262,-1.98797905,632.31000000
378,0.00009476,-1.98798037,631.46000000
379,0.00009689,-1.98798084,631.29000000
380,0.00010361,-1.98798047,631.41000000
381,0.00010193,-1.98798334,630.46000000
382,0.00010559,-1.98798520,630.90000000
383,0.00010849,-1.98798394,631.42000000
384,0.00010864,-1.98798606,631.42000000
385,0.00009857,-1.98798575,631.21000000
386,0.00009613,-1.98798704,631.22000000
387,0.00009598,-1.98798779,631.27000000
388,0.00009338,-1.98798651,631.30000000
389,0.00009598,-1.98798901,631.20000000
390,0.00009155,-1.98799074,631.23000000
391,0.00010284,-1.98799049,631.11000000
392,0.00009735,-1.98799149,631.37000000
393,0.00010086,-1.98799250,631.57000000
394,0.00009125,-1.98799504,631.23000000
395,0.00009949,-1.98799605,631.05000000
396,0.00009521,-1.98799722,631.45000000
397,0.00009506,-1.98799729,631.65000000
398,0.00009323,-1.98799965,631.69000000
399,0.00010040,-1.98800048,632.03000000
400,0.00010605,-1.98800119,632.25000000
401,0.00010040,-1.98800451,632.01000000
402,0.00010803,-1.98800572,632.40000000
403,0.00010605,-1.98800870,632.08000000
404,0.00010223,-1.98800811,632.01000000
405,0.00010132,-1.98800860,632.02000000
406,0.00010559,-1.98801215,631.75000000
407,0.00010071,-1.98801212,632.04000000
408,0.00009399,-1.98801254,632.28000000
409,0.00010101,-1.98801363,632.30000000
410,0.00011429,-1.98801723,631.80000000
411,0.00011261,-1.98801705,631.88000000
412,0.00010345,-1.98801807,631.98000000
413,0.00011002,-1.98801886,632.38000000
414,0.00010422,-1.98802001,632.61000000
415,0.00010086,-1.98801969,632.31000000
416,0.00009766,-1.98802167,632.11000000
417,0.00010330,-1.98802161,632.22000000
418,0.00010178,-1.98802145,633.13000000
419,0.00010681,-1.98802395,632.61000000
420,0.00010681,-1.98802458,632.68000000
421,0.00011536,-1.98802449,632.85000000
422,0.00011429,-1.98802430,632.61000000
423,0.00011414,-1.98802455,632.55000000
424,0.00013092,-1.98802749,632.87000000
425,0.00012802,-1.98802808,632.55000000
426,0.00012741,-1.98802944,632.57000000
427,0.00012787,-1.98802940,632.85000000
428,0.00012482,-1.98802983,632.31000000
429,0.00011932,-1.98803023,632.60000000
430,0.00011780,-1.98803328,632.75000000
431,0.00011383,-1.98803370,633.05000000
432,0.00011261,-1.98803360,632.83000000
433,0.00011734,-1.98803599,632.77000000
434,0.00011703,-1.98803548,632.90000000
435,0.00012253,-1.98803734,633.42000000
436,0.00012558,-1.98803738,633.62000000
437,0.00011963,-1.98803850,632.69000000
438,0.00012024,-1.98803932,632.69000000
439,0.00011292,-1.98804060,633.33000000
440,0.00011322,-1.98804326,632.67000000
441,0.00011673,-1.98804319,632.80000000
442,0.00012756,-1.98804236,633.26000000
443,0.00011566,-1.98804467,632.41000000
444,0.00011398,-1.98804262,633.06000000
445,0.00011856,-1.98804483,633.16000000
446,0.00011505,-1.98804680,632.66000000
447,0.00011765,-1.98804839,633.27000000
448,0.00011154,-1.98805029,633.04000000
449,0.00012329,-1.98805048,632.88000000
450,0.00011887,-1.98805022,632.06000000
451,0.00012009,-1.98805184,633.36000000
452,0.00011459,-1.98805281,632.72000000
453,0.00011642,-1.98805393,632.59000000
454,0.00011566,-1.98805643,632.13000000
455,0.00011841,-1.98805330,632.92000000
456,0.00011520,-1.98805502,633.51000000
457,0.00011292,-1.98805666,632.72000000
458,0.00012604,-1.98805862,632.93000000
459,0.00011841,-1.98805954,632.57000000
460,0.00010284,-1.98805987,632.81000000
461,0.00011414,-1.98805874,633.48000000
462,0.00011002,-1.98806036,633.39000000
463,0.00012527,-1.98805933,633.40000000
464,0.00012497,-1.98806277,632.96000000
465,0.00011322,-1.98806315,633.31000000
466,0.00010040,-1.98806240,633.25000000
467,0.00011459,-1.98806468,633.02000000
468,0.00010849,-1.98806261,633.23000000
469,0.00010651,-1.98806513,632.76000000
470,0.00010544,-1.98806836,632.60000000
471,0.00010681,-1.98806786,632.90000000
472,0.00010086,-1.98806722,632.85000000
473,0.00010620,-1.98806741,633.73000000
474,0.00010330,-1.98806795,633.15000000
475,0.00010574,-1.98806940,633.26000000
476,0.00010330,-1.98806863,633.54000000
477,0.00010529,-1.98806995,632.89000000
478,0.00011063,-1.98806904,633.06000000
479,0.00010895,-1.98807024,632.95000000
480,0.00010590,-1.98807218,633.41000000
481,0.00009903,-1.98806935,633.93000000
482,0.00011032,-1.98807051,634.09000000
483,0.00012207,-1.98806951,633.95000000
484,0.00011185,-1.98807104,634.74000000
485,0.00011978,-1.98807249,634.37000000
486,0.00011932,-1.98807339,634.28000000
487,0.00010696,-1.98807520,633.65000000
488,0.00011368,-1.98807709,633.50000000
489,0.00011795,-1.98807651,633.81000000
490,0.00011490,-1.98807388,634.49000000
491,0.00012115,-1.98807625,633.53000000
492,0.00011230,-1.98807594,633.74000000
493,0.00012283,-1.98807780,634.25000000
494,0.00012787,-1.98807889,633.92000000
495,0.00013245,-1.98807933,634.06000000
496,0.00013428,-1.98808146,634.14000000
497,0.00013031,-1.98808420,633.42000000
498,0.00012543,-1.98808389,633.26000000
499,0.00013062,-1.98808473,633.05000000
500,0.00012192,-1.98808484,633.41000000
501,0.00012329,-1.98808767,633.18000000
502,0.00011200,-1.98808605,634.10000000
503,0.00011429,-1.98808655,633.23000000
504,0.00011749,-1.98808728,633.31000000
505,0.00012848,-1.98808637,633.38000000
506,0.00013474,-1.98808812,633.75000000
507,0.00013062,-1.98808947,633.65000000
508,0.00012131,-1.98809091,633.22000000
509,0.00011963,-1.98809193,633.25000000
510,0.00011978,-1.98809143,634.06000000
511,0.00011230,-1.98809220,634.16000000
512,0.00011978,-1.98809268,633.67000000
513,0.00011932,-1.98809325,634.39000000
514,0.00012192,-1.98809239,634.31000000
515,0.00011902,-1.98809358,634.13000000
516,0.00013275,-1.98809388,634.75000000
517,0.00011520,-1.98809537,634.25000000
518,0.00010956,-1.98809714,634.12000000
519,0.00011002,-1.98809725,634.59000000
520,0.00011597,-1.98809611,633.81000000
521,0.00011581,-1.98809565,634.78000000
522,0.00011261,-1.98809766,635.07000000
523,0.00011063,-1.98809713,634.43000000
524,0.00010605,-1.98810001,634.05000000
525,0.00010651,-1.98809979,634.39000000
526,0.00010971,-1.98810156,634.16000000
527,0.00010544,-1.98810155,634.30000000
528,0.00011429,-1.98810064,634.22000000
529,0.00011414,-1.98810153,634.34000000
530,0.00011185,-1.98810136,634.61000000
531,0.00010590,-1.98810290,634.40000000
532,0.00010529,-1.98810274,634.54000000
533,0.00010483,-1.98810570,633.81000000
534,0.00010834,-1.98810444,634.72000000
535,0.00009460,-1.98810653,634.75000000
536,0.00010101,-1.98810822,634.93000000
537,0.00009827,-1.98810881,634.62000000
538,0.00010239,-1.98810924,634.91000000
539,0.00011780,-1.98811126,634.58000000
540,0.00011337,-1.98811238,634.89000000
541,0.00011749,-1.98811425,634.44000000
542,0.00011139,-1.98811400,634.40000000
543,0.00010422,-1.98811666,634.53000000
544,0.00011230,-1.98811527,634.41000000
545,0.00010895,-1.98811578,634.55000000
546,0.00011093,-1.98811751,635.60000000
547,0.00010513,-1.98811796,634.54000000
548,0.00011353,-1.98811836,634.35000000
549,0.00011520,-1.98811798,635.03000000
550,0.00011871,-1.98812048,634.98000000
551,0.00010849,-1.98812066,635.58000000
552,0.00010849,-1.98812043,634.98000000
553,0.00010574,-1.98812169,635.05000000
554,0.00011261,-1.98812279,634.34000000
555,0.00012100,-1.98812293,634.95000000
556,0.00011841,-1.98812291,634.94000000
557,0.00012024,-1.98812393,634.89000000
558,0.00012604,-1.98812546,634.74000000
559,0.00011307,-1.98812582,635.44000000
560,0.00011032,-1.98812615,635.51000000
561,0.00011185,-1.98812620,635.23000000
562,0.00011154,-1.98812746,635.07000000
563,0.00009949,-1.98812791,634.58000000
564,0.00010803,-1.98812933,634.47000000
565,0.00011642,-1.98812722,635.13000000
566,0.00010910,-1.98813006,634.90000000
567,0.00011337,-1.98813291,634.86000000
568,0.00011627,-1.98813242,634.51000000
569,0.00011307,-1.98813328,635.35000000
570,0.00010391,-1.98813373,635.36000000
571,0.00011108,-1.98813390,635.05000000
572,0.00010803,-1.98813564,634.94000000
573,0.00011108,-1.98813449,634.91000000
574,0.00010422,-1.98813609,634.81000000
575,0.00011963,-1.98813692,635.27000000
576,0.00010468,-1.98813538,635.11000000
577,0.00010010,-1.98813784,634.74000000
578,0.00011536,-1.98813893,634.93000000
579,0.00010361,-1.98813763,634.82000000
580,0.00010864,-1.98813784,635.09000000
581,0.00011780,-1.98813746,635.11000000
582,0.00011429,-1.98813761,635.22000000
583,0.00012085,-1.98813903,635.03000000
584,0.00011719,-1.98813924,635.51000000
585,0.00011948,-1.98814124,634.85000000
586,0.00012512,-1.98814081,634.59000000
587,0.00013031,-1.98814160,635.39000000
588,0.00011887,-1.98814276,635.16000000
589,0.00011948,-1.98814352,635.37000000
590,0.00011703,-1.98814590,635.29000000
591,0.00011871,-1.98814489,635.54000000
592,0.00010727,-1.98814450,634.98000000
593,0.00010834,-1.98814504,634.95000000
594,0.00011063,-1.98814607,635.02000000
595,0.00012192,-1.98814554,635.62000000
596,0.00011536,-1.98814852,635.28000000
597,0.00012070,-1.98814816,635.66000000
598,0.00011978,-1.98814676,635.78000000
599,0.00012512,-1.98814846,635.60000000
600,0.00011353,-1.98814828,635.51000000
601,0.00012405,-1.98815069,635.46000000
602,0.00012497,-1.98815062,635.45000000
603,0.00011963,-1.98815120,635.63000000
604,0.00012527,-1.98815204,634.97000000
605,0.00012070,-1.98814986,635.99000000
606,0.00011322,-1.98814860,636.39000000
607,0.00011841,-1.98815000,636.08000000
608,0.00012299,-1.98815345,635.84000000
609,0.00011902,-1.98815197,636.18000000
610,0.00011673,-1.98815178,636.00000000
611,0.00011749,-1.98815346,635.32000000
612,0.00011765,-1.98815484,635.25000000
613,0.00012131,-1.98815592,635.33000000
614,0.00011932,-1.98815652,635.73000000
615,0.00012146,-1.98815559,635.95000000
616,0.00011383,-1.98815627,636.19000000
617,0.00011841,-1.98815865,635.38000000
618,0.00011703,-1.98815707,635.15000000
619,0.00011932,-1.98815718,635.66000000
620,0.00011841,-1.98815751,635.62000000
621,0.00012070,-1.98815764,636.06000000
622,0.00011200,-1.98815959,635.70000000
623,0.00011612,-1.98815815,635.53000000
624,0.00012329,-1.98816072,635.73000000
625,0.00011185,-1.98816202,635.67000000
626,0.00011169,-1.98816397,635.75000000
627,0.00011978,-1.98816552,636.27000000
628,0.00011749,-1.98816380,636.31000000
629,0.00012650,-1.98816547,635.80000000
630,0.00011398,-1.98816525,635.42000000
631,0.00010300,-1.98816632,636.18000000
632,0.00011917,-1.98816790,636.17000000
633,0.00013107,-1.98816737,636.24000000
634,0.00013062,-1.98816724,636.09000000
635,0.00012527,-1.98816676,636.36000000
636,0.00012650,-1.98816617,636.36000000
637,0.00012085,-1.98816762,636.21000000
638,0.00011887,-1.98816730,636.26000000
639,0.00011612,-1.98817161,636.57000000
640,0.00011902,-1.98816992,636.62000000
641,0.00011917,-1.98816866,635.59000000
642,0.00011307,-1.98816924,635.62000000
643,0.00011612,-1.98816879,636.85000000
644,0.00011475,-1.98816807,636.91000000
645,0.00011719,-1.98817053,635.99000000
646,0.00010773,-1.98817169,636.04000000
647,0.00011414,-1.98816980,636.64000000
648,0.00011795,-1.98817093,636.13000000
649,0.00011978,-1.98817161,636.26000000
650,0.00011703,-1.98817316,636.16000000
651,0.00012344,-1.98817216,636.80000000
652,0.00012024,-1.98817395,636.45000000
653,0.00011475,-1.98817420,635.91000000
654,0.00011551,-1.98817524,635.88000000
655,0.00011765,-1.98817516,636.49000000
656,0.00011978,-1.98817425,636.82000000
657,0.00012512,-1.98817443,637.03000000
658,0.00012634,-1.98817687,637.91000000
659,0.00012695,-1.98817716,637.34000000
660,0.00011963,-1.98817776,637.11000000
661,0.00011871,-1.98817934,636.55000000
662,0.00011536,-1.98818034,636.38000000
663,0.00011459,-1.98817811,637.09000000
664,0.00011765,-1.98817903,636.29000000
665,0.00012131,-1.98817946,637.15000000
666,0.00011475,-1.98817910,637.69000000
667,0.00011520,-1.98818079,637.18000000
668,0.00011536,-1.98818131,637.16000000
669,0.00010971,-1.98818072,637.39000000
670,0.00010925,-1.98818190,636.41000000
671,0.00012665,-1.98818239,636.22000000
672,0.00011566,-1.98818335,636.63000000
673,0.00011642,-1.98818345,636.55000000
674,0.00012054,-1.98818160,637.26000000
675,0.00012177,-1.98818196,637.03000000
676,0.00012222,-1.98818272,636.77000000
677,0.00012665,-1.98818273,636.46000000
678,0.00012817,-1.98818570,637.12000000
679,0.00012604,-1.98818578,636.66000000
680,0.00012573,-1.98818784,637.19000000
681,0.00013931,-1.98818603,636.95000000
682,0.00013275,-1.98818488,637.57000000
683,0.00011459,-1.98818596,637.43000000
684,0.00011505,-1.98818603,637.18000000
685,0.00011032,-1.98818923,637.77000000
686,0.00012222,-1.98818902,637.10000000
687,0.00012329,-1.98818898,637.19000000
688,0.00011108,-1.98818926,637.37000000
689,0.00011169,-1.98819099,637.58000000
690,0.00011948,-1.98819028,637.75000000
691,0.00010895,-1.98819003,637.56000000
692,0.00009491,-1.98819146,637.24000000
693,0.00010818,-1.98819145,637.45000000
694,0.00011459,-1.98819365,637.42000000
695,0.00011536,-1.98819415,637.54000000
696,0.00011978,-1.98819284,637.54000000
697,0.00011917,-1.98819287,637.38000000
698,0.00012161,-1.98819339,637.63000000
699,0.00012726,-1.98819379,637.27000000
700,0.00011459,-1.98819365,636.99000000
701,0.00011993,-1.98819457,637.26000000
702,0.00011581,-1.98819593,637.50000000
703,0.00011520,-1.98819585,636.94000000
704,0.00011612,-1.98819505,637.13000000
705,0.00012115,-1.98819546,637.38000000
706,0.00011612,-1.98819732,636.85000000
707,0.00010895,-1.98819576,637.78000000
708,0.00011703,-1.98819697,637.36000000
709,0.00011414,-1.98819798,637.98000000
710,0.00010086,-1.98819783,637.48000000
711,0.00009430,-1.98819970,637.21000000
712,0.00009842,-1.98819760,638.01000000
713,0.00011536,-1.98819911,638.31000000
714,0.00010361,-1.98820043,637.84000000
715,0.00010651,-1.98820170,637.74000000
716,0.00011215,-1.98820428,637.24000000
717,0.00011780,-1.98820224,637.09000000
718,0.00011932,-1.98820312,638.00000000
719,0.00010956,-1.98820270,637.79000000
720,0.00011047,-1.98820258,637.56000000
721,0.00012360,-1.98820288,637.62000000
722,0.00012100,-1.98820325,638.00000000
723,0.00012344,-1.98820485,637.95000000
724,0.00011932,-1.98820467,638.01000000
725,0.00011581,-1.98820531,637.23000000
726,0.00012131,-1.98820630,637.23000000
727,0.00012238,-1.98820484,637.72000000
728,0.00011673,-1.98820596,637.44000000
729,0.00011368,-1.98820610,637.61000000
730,0.00011673,-1.98820664,637.73000000
731,0.00012436,-1.98820762,637.91000000
732,0.00011978,-1.98820903,636.69000000
733,0.00013031,-1.98820996,637.17000000
734,0.00012650,-1.98820832,637.47000000
735,0.00012634,-1.98821015,637.61000000
736,0.00013092,-1.98820917,637.99000000
737,0.00011948,-1.98820938,637.35000000
738,0.00012466,-1.98821098,637.27000000
739,0.00013031,-1.98821265,637.42000000
740,0.00012238,-1.98821312,637.93000000
741,0.00013062,-1.98821222,638.05000000
742,0.00013336,-1.98821384,637.35000000
743,0.00012802,-1.98821475,637.89000000
744,0.00012695,-1.98821337,637.68000000
745,0.00011276,-1.98821502,637.89000000
746,0.00011841,-1.98821594,637.35000000
747,0.00011780,-1.98821554,637.59000000
748,0.00011002,-1.98821638,637.87000000
749,0.00010101,-1.98821601,637.44000000
750,0.00011841,-1.98821740,637.30000000
751,0.00011978,-1.98821839,637.49000000
752,0.00011627,-1.98821611,637.25000000
753,0.00010986,-1.98821673,637.96000000
754,0.00011948,-1.98821694,637.96000000
755,0.00011475,-1.98821942,637.80000000
756,0.00012344,-1.98821691,637.84000000
757,0.00011551,-1.98821630,637.39000000
758,0.00011459,-1.98821861,637.43000000
759,0.00012314,-1.98821852,637.75000000
760,0.00012863,-1.98822008,638.11000000
761,0.00012817,-1.98822003,637.98000000
762,0.00013275,-1.98821964,638.18000000
763,0.00012878,-1.98821972,638.37000000
764,0.00013245,-1.98822148,637.72000000
765,0.00012772,-1.98822007,637.97000000
766,0.00011322,-1.98822080,638.04000000
767,0.00011307,-1.98821971,637.86000000
768,0.00011551,-1.98822023,638.79000000
769,0.00011581,-1.98822019,638.33000000
770,0.00012268,-1.98821976,638.58000000
771,0.00012451,-1.98822062,638.59000000
772,0.00011856,-1.98822257,637.90000000
773,0.00012146,-1.98822293,637.94000000
774,0.00012711,-1.98822398,637.55000000
775,0.00011963,-1.98822509,638.17000000
776,0.00011627,-1.98822445,638.37000000
777,0.00012344,-1.98822495,638.39000000
778,0.00011536,-1.98822596,637.48000000
779,0.00010681,-1.98822514,638.58000000
780,0.00012009,-1.98822705,638.28000000
781,0.00011597,-1.98822662,638.36000000
782,0.00012238,-1.98822659,638.11000000
783,0.00011383,-1.98822783,637.47000000
784,0.00012878,-1.98822658,638.46000000
785,0.00011627,-1.98822629,638.51000000
786,0.00012024,-1.98822751,638.45000000
787,0.00011627,-1.98822955,638.18000000
788,0.00011322,-1.98822947,637.74000000
789,0.00011383,-1.98823038,638.26000000
790,0.00012741,-1.98823078,638.05000000
791,0.00013474,-1.98823151,638.00000000
792,0.00012466,-1.98823281,637.74000000
793,0.00012604,-1.98823451,638.01000000
794,0.00012787,-1.98823661,638.42000000
795,0.00012222,-1.98823621,638.98000000
796,0.00012161,-1.98823563,638.63000000
797,0.00011734,-1.98823633,638.36000000
798,0.00012573,-1.98823703,638.47000000
799,0.00011887,-1.98823529,638.80000000
800,0.00011185,-1.98823676,638.60000000
801,0.00010834,-1.98823873,638.55000000
802,0.00010803,-1.98823856,638.69000000
803,0.00010849,-1.98823827,639.15000000
804,0.00011444,-1.98823913,638.09000000
805,0.00012009,-1.98823938,638.51000000
806,0.00011002,-1.98823969,638.98000000
807,0.00011444,-1.98824031,639.13000000
808,0.00012085,-1.98824002,639.17000000
809,0.00010925,-1.98824386,638.41000000
810,0.00011139,-1.98824380,638.62000000
811,0.00010483,-1.98824384,638.07000000
812,0.00009460,-1.98824535,638.35000000
813,0.00010986,-1.98824612,638.06000000
814,0.00011124,-1.98824581,638.41000000
815,0.00010956,-1.98824579,638.70000000
816,0.00010483,-1.98824669,639.56000000
817,0.00010696,-1.98824708,638.66000000
818,0.00010239,-1.98824687,638.69000000
819,0.00011398,-1.98824570,638.75000000
820,0.00009979,-1.98824510,638.87000000
821,0.00009964,-1.98824756,638.66000000
822,0.00009674,-1.98824674,638.83000000
823,0.00010056,-1.98824630,638.80000000
824,0.00010468,-1.98824732,639.35000000
825,0.00010803,-1.98824942,638.82000000
826,0.00009308,-1.98824698,639.13000000
827,0.00010986,-1.98824811,639.05000000
828,0.00010864,-1.98824876,639.09000000
829,0.00010513,-1.98824753,638.66000000
830,0.00009949,-1.98824819,639.00000000
831,0.00010712,-1.98824978,638.89000000
832,0.00011597,-1.98825078,639.11000000
833,0.00011871,-1.98825186,638.75000000
834,0.00011581,-1.98825045,639.04000000
835,0.00011093,-1.98824910,639.28000000
836,0.00011337,-1.98824836,639.44000000
837,0.00010178,-1.98825024,638.42000000
838,0.00010254,-1.98825119,638.68000000
839,0.00010559,-1.98825370,639.28000000
840,0.00011459,-1.98825259,639.12000000
841,0.00011841,-1.98825493,638.07000000
842,0.00011307,-1.98825337,638.80000000
843,0.00010681,-1.98825436,638.39000000
844,0.00010880,-1.98825299,638.79000000
845,0.00010239,-1.98825406,638.91000000
846,0.00010742,-1.98825437,639.07000000
847,0.00011612,-1.98825251,638.75000000
848,0.00010422,-1.98825566,638.51000000
849,0.00010849,-1.98825535,639.00000000
850,0.00010757,-1.98825704,639.04000000
851,0.00011276,-1.98825960,638.55000000
852,0.00010986,-1.98825887,638.65000000
853,0.00011459,-1.98825717,638.89000000
854,0.00010361,-1.98825776,639.13000000
855,0.00011307,-1.98825659,639.77000000
856,0.00011093,-1.98825844,639.17000000
857,0.00010193,-1.98825734,639.18000000
858,0.00010742,-1.98825848,638.77000000
859,0.00011520,-1.98826014,638.97000000
860,0.00010818,-1.98826122,638.52000000
861,0.00010941,-1.98825989,638.49000000
862,0.00010513,-1.98826039,638.92000000
863,0.00011246,-1.98825912,639.18000000
864,0.00011108,-1.98826292,639.50000000
865,0.00009735,-1.98826268,639.24000000
866,0.00009552,-1.98826271,639.59000000
867,0.00008438,-1.98826261,639.64000000
868,0.00009323,-1.98826424,639.28000000
869,0.00010162,-1.98826586,639.47000000
870,0.00010818,-1.98826725,639.22000000
871,0.00009338,-1.98826715,639.10000000
872,0.00009872,-1.98826805,638.98000000
873,0.00010086,-1.98826615,638.92000000
874,0.00010559,-1.98826810,638.78000000
875,0.00010559,-1.98826945,638.62000000
876,0.00011292,-1.98826712,639.31000000
877,0.00010208,-1.98826862,639.26000000
878,0.00009872,-1.98826630,639.69000000
879,0.00010361,-1.98826834,638.88000000
880,0.00010468,-1.98826876,639.21000000
881,0.00010010,-1.98826774,639.54000000
882,0.00010193,-1.98826976,639.10000000
883,0.00010468,-1.98826994,639.49000000
884,0.00010895,-1.98826969,639.17000000
885,0.00012253,-1.98826997,638.92000000
886,0.00012390,-1.98827052,639.68000000
887,0.00011795,-1.98827077,639.45000000
888,0.00011063,-1.98827073,639.15000000
889,0.00011246,-1.98827287,639.11000000
890,0.00012054,-1.98827471,639.19000000
891,0.00011398,-1.98827295,639.26000000
892,0.00011520,-1.98827379,638.94000000
893,0.00011963,-1.98827426,638.98000000
894,0.00011368,-1.98827616,639.08000000
895,0.00011322,-1.98827484,639.61000000
896,0.00011810,-1.98827250,639.69000000
897,0.00011353,-1.98827500,638.92000000
898,0.00011093,-1.98827418,639.79000000
899,0.00011108,-1.98827277,640.08000000
900,0.00011902,-1.98827340,639.93000000
901,0.00011322,-1.98827462,639.22000000
902,0.00010559,-1.98827832,639.33000000
903,0.00010254,-1.98827751,639.12000000
904,0.00010834,-1.98827767,638.94000000
905,0.00011032,-1.98827657,639.06000000
906,0.00011597,-1.98827646,639.13000000
907,0.00012711,-1.98828005,638.79000000
908,0.00012009,-1.98827858,639.30000000
909,0.00012161,-1.98827661,639.49000000
910,0.00011658,-1.98827908,639.32000000
911,0.00010849,-1.98827768,639.39000000
912,0.00010635,-1.98827773,639.71000000
913,0.00011139,-1.98827891,639.59000000
914,0.00011154,-1.98828025,640.27000000
915,0.00011902,-1.98828123,639.92000000
916,0.00011765,-1.98828269,639.15000000
917,0.00012131,-1.98828092,639.33000000
918,0.00012177,-1.98828338,639.70000000
919,0.00012253,-1.98828276,640.06000000
920,0.00012360,-1.98828388,639.71000000
921,0.00011917,-1.98828334,640.26000000
922,0.00012589,-1.98828148,639.96000000
923,0.00011795,-1.98828220,640.06000000
924,0.00012085,-1.98828157,640.59000000
925,0.00011276,-1.98828411,639.65000000
926,0.00010956,-1.98828543,639.72000000
927,0.00012405,-1.98828539,639.78000000
928,0.00012894,-1.98828713,639.82000000
929,0.00013031,-1.98828711,640.05000000
930,0.00012680,-1.98828869,639.38000000
931,0.00012772,-1.98828782,639.70000000
932,0.00013382,-1.98828826,639.87000000
933,0.00013062,-1.98829092,639.93000000
934,0.00011917,-1.98829012,639.44000000
935,0.00012894,-1.98829097,639.65000000
936,0.00012070,-1.98828976,639.86000000
937,0.00011627,-1.98829035,639.51000000
938,0.00013031,-1.98828949,639.31000000
939,0.00013290,-1.98829231,639.35000000
940,0.00012848,-1.98829253,639.70000000
941,0.00012131,-1.98829079,639.74000000
942,0.00012360,-1.98829129,639.55000000
943,0.00012817,-1.98829103,640.40000000
944,0.00014053,-1.98829240,639.24000000
945,0.00014648,-1.98829244,639.59000000
946,0.00014694,-1.98829336,639.83000000
947,0.00014191,-1.98829423,639.78000000
948,0.00013580,-1.98829393,639.16000000
949,0.00013962,-1.98829401,639.53000000
950,0.00014343,-1.98829378,639.39000000
951,0.00014343,-1.98829420,639.83000000
952,0.00013168,-1.98829383,640.17000000
953,0.00013260,-1.98829386,639.98000000
954,0.00014389,-1.98829462,639.53000000
955,0.00012054,-1.98829467,639.60000000
956,0.00013184,-1.98829478,639.96000000
957,0.00013275,-1.98829385,640.02000000
958,0.00013519,-1.98829450,639.73000000
959,0.00012283,-1.98829559,639.72000000
960,0.00012360,-1.98829855,639.29000000
961,0.00012527,-1.98829786,640.07000000
962,0.00012939,-1.98829781,639.80000000
963,0.00012985,-1.98829673,640.37000000
964,0.00013412,-1.98829978,639.75000000
965,0.00013474,-1.98829934,639.11000000
966,0.00013702,-1.98829893,639.49000000
967,0.00012894,-1.98829916,639.94000000
968,0.00014267,-1.98829958,639.95000000
969,0.00013046,-1.98829956,640.00000000
970,0.00013077,-1.98830131,640.16000000
971,0.00012772,-1.98829966,640.24000000
972,0.00012238,-1.98830249,640.11000000
973,0.00012711,-1.98830122,639.89000000
974,0.00011658,-1.98830314,639.87000000
975,0.00011002,-1.98830392,640.17000000
976,0.00010773,-1.98830429,640.22000000
977,0.00012253,-1.98830447,639.77000000
978,0.00012344,-1.98830388,640.39000000
979,0.00011658,-1.98830424,640.55000000
980,0.00011963,-1.98830515,640.26000000
981,0.00009949,-1.98830496,640.45000000
982,0.00011505,-1.98830804,640.30000000
983,0.00011353,-1.98830615,640.33000000
984,0.00011795,-1.98830952,640.16000000
985,0.00010696,-1.98830774,640.25000000
986,0.00010986,-1.98830948,640.26000000
987,0.00011185,-1.98830964,639.83000000
988,0.00012207,-1.98830804,640.58000000
989,0.00010849,-1.98830888,640.62000000
990,0.00012070,-1.98831016,640.07000000
991,0.00012268,-1.98831060,639.73000000
992,0.00010941,-1.98830839,639.81000000
993,0.00010834,-1.98831056,639.40000000
994,0.00011856,-1.98831107,639.48000000
995,0.00012131,-1.98831319,639.86000000
996,0.00013214,-1.98831213,639.96000000
997,0.00011887,-1.98831196,640.20000000
998,0.00012146,-1.98831175,639.95000000
999,0.00013260,-1.98831356,640.40000000
1018,0.00012802,-1.98832135,641.08000000
1037,0.00011139,-1.98833265,640.69000000
1056,0.00011261,-1.98833706,640.52000000
1075,0.00012222,-1.98834524,640.14000000
1094,0.00010605,-1.98835258,641.66000000
1113,0.00009140,-1.98836042,641.71000000
1132,0.00009155,-1.98836567,640.98000000
1151,0.00009369,-1.98837159,642.07000000
1170,0.00008209,-1.98837812,641.68000000
1189,0.00008408,-1.98837882,641.85000000
1208,0.00009048,-1.98838346,642.13000000
1227,0.00008194,-1.98839153,642.21000000
1246,0.00009064,-1.98839560,641.99000000
1265,0.00010162,-1.98839757,641.80000000
1284,0.00008087,-1.98840264,642.99000000
1303,0.00008911,-1.98840681,642.75000000
1322,0.00008392,-1.98841162,642.73000000
1341,0.00008179,-1.98841379,643.18000000
1360,0.00008179,-1.98841939,643.24000000
1379,0.00009262,-1.98841979,642.89000000
1398,0.00010818,-1.98842295,642.80000000
1417,0.00008652,-1.98842754,642.46000000
1436,0.00010345,-1.98843282,643.35000000
1455,0.00011200,-1.98843816,642.95000000
1474,0.00010223,-1.98844208,643.78000000
1493,0.00011215,-1.98844504,644.28000000
1512,0.00009827,-1.98845088,643.43000000
1531,0.00011093,-1.98845614,644.38000000
1550,0.00011215,-1.98845974,643.82000000
1569,0.00012680,-1.98845993,644.68000000
1588,0.00012283,-1.98846549,644.02000000
1607,0.00012100,-1.98847076,644.05000000
1626,0.00011505,-1.98847613,644.49000000
1645,0.00011185,-1.98847827,645.18000000
1664,0.00011902,-1.98848152,644.55000000
1683,0.00011688,-1.98848234,644.94000000
1702,0.00012833,-1.98849003,644.69000000
1721,0.00012314,-1.98849043,644.94000000
1740,0.00012924,-1.98849538,645.32000000
1759,0.00012375,-1.98849568,645.63000000
1778,0.00013641,-1.98850357,645.60000000
1797,0.00011566,-1.98850169,645.14000000
1816,0.00011063,-1.98850535,645.31000000
1835,0.00012421,-1.98850906,644.97000000
1854,0.00010925,-1.98851247,645.40000000
1873,0.00012177,-1.98851320,645.92000000
1892,0.00011932,-1.98851623,646.08000000
1911,0.00012192,-1.98852229,646.01000000
1930,0.00013321,-1.98852364,645.80000000
1949,0.00012634,-1.98853015,646.37000000
1968,0.00012207,-1.98853256,646.00000000
1987,0.00010849,-1.98853436,645.53000000
2006,0.00012756,-1.98853798,646.15000000
2025,0.00011673,-1.98854268,646.41000000
2044,0.00012833,-1.98854507,646.65000000
2063,0.00012924,-1.98854678,646.03000000
2082,0.00012283,-1.98855035,646.99000000
2101,0.00013031,-1.98855253,647.63000000
2120,0.00012314,-1.98855718,647.05000000
2139,0.00010345,-1.98856010,647.25000000
2158,0.00013489,-1.98856248,647.48000000
2177,0.00013626,-1.98856450,647.54000000
2196,0.00014297,-1.98856960,646.98000000
2215,0.00014420,-1.98857354,647.20000000
2234,0.00013123,-1.98857406,647.46000000
2253,0.00013260,-1.98857622,647.64000000
2272,0.00014511,-1.98857813,647.20000000
2291,0.00015259,-1.98858065,647.02000000
2310,0.00016296,-1.98858282,647.81000000
2329,0.00016174,-1.98858441,647.74000000
2348,0.00016937,-1.98858708,647.63000000
2367,0.00016464,-1.98859058,647.95000000
2386,0.00015533,-1.98858947,648.45000000
2405,0.00015778,-1.98859431,647.84000000
2424,0.00015366,-1.98859449,647.86000000
2443,0.00014206,-1.98859725,648.93000000
2462,0.00015182,-1.98860149,647.45000000
2481,0.00014511,-1.98860356,647.55000000
2500,0.00016388,-1.98860655,648.43000000
2519,0.00016220,-1.98860813,648.33000000
2538,0.00013290,-1.98861180,647.91000000
2557,0.00013275,-1.98861047,648.33000000
2576,0.00014374,-1.98861427,648.20000000
2595,0.00014557,-1.98861898,648.50000000
2614,0.00014587,-1.98861831,648.87000000
2633,0.00012970,-1.98862278,648.50000000
2652,0.00014923,-1.98862473,648.46000000
2671,0.00012772,-1.98862747,648.63000000
2690,0.00014114,-1.98862793,648.41000000
2709,0.00013641,-1.98863158,648.24000000
2728,0.00014221,-1.98863323,648.49000000
2747,0.00013885,-1.98863468,649.01000000
2766,0.00012817,-1.98863893,648.35000000
2785,0.00012619,-1.98864065,648.95000000
2804,0.00014206,-1.98864045,649.01000000
2823,0.00014801,-1.98864516,649.31000000
2842,0.00014496,-1.98864462,649.64000000
2861,0.00014130,-1.98864663,648.80000000
2880,0.00014282,-1.98864983,648.54000000
2899,0.00013855,-1.98865155,648.24000000
2918,0.00015076,-1.98865051,649.41000000
2937,0.00015762,-1.98865404,649.93000000
2956,0.00014862,-1.98865820,649.44000000
2975,0.00014587,-1.98865710,648.78000000
2994,0.00014587,-1.98865976,649.82000000
3013,0.00014359,-1.98866045,649.70000000
3032,0.00015274,-1.98866248,650.06000000
3051,0.00015320,-1.98866176,649.63000000
3070,0.00014404,-1.98866365,649.44000000
3089,0.00014572,-1.98866546,649.42000000
3108,0.00014450,-1.98867019,649.24000000
3127,0.00013412,-1.98867099,649.99000000
3146,0.00013000,-1.98867510,650.65000000
3165,0.00014252,-1.98867613,650.66000000
3184,0.00015457,-1.98867744,650.88000000
3203,0.00013931,-1.98867728,650.33000000
3222,0.00014191,-1.98868156,650.12000000
3241,0.00012619,-1.98868561,650.49000000
3260,0.00012070,-1.98868930,650.90000000
3279,0.00012863,-1.98869304,650.21000000
3298,0.00013000,-1.98869529,650.56000000
3317,0.00013000,-1.98869867,650.68000000
3336,0.00014084,-1.98870169,650.55000000
3355,0.00013000,-1.98869982,650.49000000
3374,0.00013199,-1.98870272,650.86000000
3393,0.00013123,-1.98870573,651.08000000
3412,0.00012909,-1.98870501,650.32000000
3431,0.00014664,-1.98870754,651.07000000
3450,0.00014313,-1.98870905,651.04000000
3469,0.00012161,-1.98871125,650.91000000
3488,0.00014206,-1.98871458,650.69000000
3507,0.00014465,-1.98871239,650.67000000
3526,0.00013565,-1.98871479,651.52000000
3545,0.00014084,-1.98871470,650.54000000
3564,0.00014420,-1.98871739,651.08000000
3583,0.00012329,-1.98872199,650.82000000
3602,0.00013855,-1.98872295,651.56000000
3621,0.00014511,-1.98872409,651.16000000
3640,0.00014542,-1.98872248,651.88000000
3659,0.00013748,-1.98872609,650.96000000
3678,0.00013733,-1.98872814,651.75000000
3697,0.00013321,-1.98872635,652.30000000
3716,0.00014389,-1.98873012,651.99000000
3735,0.00013504,-1.98873148,651.77000000
3754,0.00014175,-1.98873429,651.64000000
3773,0.00014435,-1.98873553,651.90000000
3792,0.00014282,-1.98873667,651.69000000
3811,0.00015366,-1.98873900,651.60000000
3830,0.00015244,-1.98873857,651.44000000
3849,0.00014465,-1.98874176,651.87000000
3868,0.00013504,-1.98874316,651.69000000
3887,0.00014435,-1.98874342,652.03000000
3906,0.00012665,-1.98874540,651.98000000
3925,0.00013870,-1.98874524,652.10000000
3944,0.00013992,-1.98874525,652.14000000
3963,0.00013245,-1.98874849,651.85000000
3982,0.00012604,-1.98874968,652.58000000
4001,0.00012619,-1.98875178,651.76000000
4020,0.00013840,-1.98875188,651.74000000
4039,0.00012695,-1.98875351,652.10000000
4058,0.00012558,-1.98875417,651.66000000
4077,0.00011719,-1.98875626,651.90000000
4096,0.00011551,-1.98875597,652.09000000
4115,0.00012543,-1.98875698,651.86000000
4134,0.00011948,-1.98875689,652.31000000
4153,0.00010864,-1.98875878,652.08000000
4172,0.00012573,-1.98875934,652.84000000
4191,0.00013885,-1.98876133,652.36000000
4210,0.00014069,-1.98876423,652.05000000
4229,0.00013321,-1.98876407,652.13000000
4248,0.00012100,-1.98876561,652.43000000
4267,0.00013138,-1.98876810,652.84000000
4286,0.00013763,-1.98877222,652.22000000
4305,0.00014252,-1.98876875,652.72000000
4324,0.00014359,-1.98877365,652.69000000
4343,0.00015152,-1.98877344,652.79000000
4362,0.00015121,-1.98877576,652.36000000
4381,0.00014801,-1.98877627,653.16000000
4400,0.00014114,-1.98877909,652.89000000
4419,0.00014236,-1.98877919,653.01000000
4438,0.00014236,-1.98878020,652.68000000
4457,0.00014633,-1.98878149,652.81000000
4476,0.00013000,-1.98878283,652.77000000
4495,0.00014740,-1.98878501,651.94000000
4514,0.00016754,-1.98878706,653.55000000
4533,0.00016373,-1.98878763,653.54000000
4552,0.00014771,-1.98878879,653.99000000
4571,0.00014725,-1.98879035,653.57000000
4590,0.00015472,-1.98879186,653.54000000
4609,0.00015335,-1.98879449,653.29000000
4628,0.00014603,-1.98879762,653.23000000
4647,0.00014679,-1.98879849,653.21000000
4666,0.00016403,-1.98880069,653.12000000
4685,0.00013351,-1.98880359,653.04000000
4704,0.00013306,-1.98880235,652.87000000
4723,0.00013657,-1.98880334,653.80000000
4742,0.00014023,-1.98880569,654.12000000
4761,0.00013779,-1.98881090,653.31000000
4780,0.00012833,-1.98880958,653.48000000
4799,0.00016235,-1.98880998,653.49000000
4818,0.00015091,-1.98881337,654.17000000
4837,0.00014633,-1.98881397,654.00000000
4856,0.00015640,-1.98881414,653.57000000
4875,0.00014832,-1.98882038,653.66000000
4894,0.00016388,-1.98881811,654.62000000
4913,0.00014145,-1.98881847,654.37000000
4932,0.00014465,-1.98881957,654.74000000
4951,0.00014603,-1.98882050,653.58000000
4970,0.00014923,-1.98882176,654.68000000
4989,0.00015472,-1.98882444,654.39000000
5008,0.00014160,-1.98882512,654.85000000
5027,0.00015656,-1.98882830,654.81000000
5046,0.00014481,-1.98882625,654.18000000
5065,0.00015839,-1.98883026,654.25000000
5084,0.00014862,-1.98882939,654.62000000
5103,0.00016769,-1.98883196,654.55000000
5122,0.00016342,-1.98883432,654.46000000
5141,0.00016418,-1.98883552,655.10000000
5160,0.00015289,-1.98883667,655.06000000
5179,0.00014359,-1.98883681,654.70000000
5198,0.00014694,-1.98883671,654.58000000
5217,0.00016632,-1.98883638,654.40000000
5236,0.00015381,-1.98883873,654.75000000
5255,0.00016006,-1.98883818,654.39000000
5274,0.00015060,-1.98883711,654.93000000
5293,0.00015656,-1.98883924,655.08000000
5312,0.00015274,-1.98884248,654.25000000
5331,0.00014893,-1.98884462,655.29000000
5350,0.00015427,-1.98884373,655.63000000
5369,0.00014252,-1.98884744,654.77000000
5388,0.00015671,-1.98884658,655.43000000
5407,0.00014343,-1.98884821,654.71000000
5426,0.00012115,-1.98884959,655.00000000
5445,0.00015305,-1.98885118,655.31000000
5464,0.00014069,-1.98885335,655.01000000
5483,0.00013885,-1.98885417,655.12000000
5502,0.00015396,-1.98885322,654.83000000
5521,0.00014252,-1.98885418,655.47000000
5540,0.00015076,-1.98885515,654.97000000
5559,0.00015244,-1.98885687,655.66000000
5578,0.00014389,-1.98885707,655.47000000
5597,0.00014023,-1.98885778,655.63000000
5616,0.00016403,-1.98886100,655.37000000
5635,0.00014313,-1.98886136,655.01000000
5654,0.00016129,-1.98886309,655.52000000
5673,0.00016815,-1.98886431,655.69000000
5692,0.00016006,-1.98886507,654.93000000
5711,0.00015594,-1.98886498,655.95000000
5730,0.00015259,-1.98886647,655.70000000
5749,0.00016220,-1.98886680,656.37000000
5768,0.00015167,-1.98886932,655.67000000
5787,0.00016083,-1.98887187,655.53000000
5806,0.00016251,-1.98887620,655.37000000
5825,0.00014313,-1.98887698,656.02000000
5844,0.00016266,-1.98887747,655.46000000
5863,0.00015976,-1.98888005,655.86000000
5882,0.00016083,-1.98888132,655.91000000
5901,0.00015137,-1.98887902,655.65000000
5920,0.00014786,-1.98888016,656.43000000
5939,0.00014404,-1.98888234,656.11000000
5958,0.00016388,-1.98888156,656.37000000
5977,0.00016113,-1.98888443,655.60000000
5996,0.00016754,-1.98888576,655.84000000
6015,0.00015930,-1.98888614,656.30000000
6034,0.00015823,-1.98888743,656.29000000
6053,0.00015350,-1.98888939,656.00000000
6072,0.00014420,-1.98889143,655.69000000
6091,0.00014603,-1.98889060,655.77000000
6110,0.00013245,-1.98889184,655.92000000
6129,0.00014923,-1.98889216,655.90000000
6148,0.00014359,-1.98889298,656.22000000
6167,0.00014343,-1.98889138,656.76000000
6186,0.00015518,-1.98889341,655.55000000
6205,0.00013687,-1.98889488,655.59000000
6224,0.00014633,-1.98889555,656.08000000
6243,0.00015686,-1.98889577,656.05000000
6262,0.00014160,-1.98889607,656.05000000
6281,0.00013992,-1.98889769,656.40000000
6300,0.00015549,-1.98889733,656.10000000
6319,0.00014069,-1.98889726,656.30000000
6338,0.00014694,-1.98889910,656.16000000
6357,0.00016434,-1.98889847,656.10000000
6376,0.00014771,-1.98889849,656.91000000
6395,0.00015259,-1.98890197,656.10000000
6414,0.00014603,-1.98890172,656.27000000
6433,0.00015320,-1.98890377,655.39000000
6452,0.00013687,-1.98890275,656.53000000
6471,0.00015564,-1.98890295,656.30000000
6490,0.00014816,-1.98890306,657.01000000
6509,0.00015350,-1.98890421,656.25000000
6528,0.00014633,-1.98890548,657.01000000
6547,0.00014084,-1.98890558,656.83000000
6566,0.00014694,-1.98890645,656.69000000
6585,0.00016006,-1.98890945,656.65000000
6604,0.00015472,-1.98890861,656.38000000
6623,0.00013077,-1.98891043,656.59000000
6642,0.00014862,-1.98891148,657.74000000
6661,0.00015259,-1.98891161,657.36000000
6680,0.00015533,-1.98891266,656.65000000
6699,0.00016159,-1.98891319,656.90000000
6718,0.00013824,-1.98891541,656.69000000
6737,0.00014465,-1.98891432,657.62000000
6756,0.00014145,-1.98891647,657.03000000
6775,0.00014877,-1.98891566,656.81000000
6794,0.00014450,-1.98891870,656.73000000
6813,0.00013367,-1.98891609,657.12000000
6832,0.00014923,-1.98891908,657.90000000
6851,0.00015961,-1.98891934,657.49000000
6870,0.00013351,-1.98892117,656.92000000
6889,0.00015686,-1.98892200,656.92000000
6908,0.00015793,-1.98892120,657.08000000
6927,0.00014450,-1.98892241,657.19000000
6946,0.00014069,-1.98892349,657.83000000
6965,0.00014099,-1.98892559,657.31000000
6984,0.00013474,-1.98892340,656.77000000
7003,0.00015900,-1.98892722,657.55000000
7022,0.00013870,-1.98892435,657.30000000
7041,0.00013855,-1.98892540,657.72000000
7060,0.00013748,-1.98892604,657.52000000
7079,0.00013229,-1.98892675,657.52000000
7098,0.00013535,-1.98892620,657.50000000
7117,0.00013489,-1.98892832,657.10000000
7136,0.00014099,-1.98893068,657.81000000
7155,0.00014145,-1.98893250,658.18000000
7174,0.00014343,-1.98893414,657.41000000
7193,0.00013046,-1.98893355,657.20000000
7212,0.00014771,-1.98893447,658.02000000
7231,0.00013214,-1.98893547,658.02000000
7250,0.00012985,-1.98893400,657.77000000
7269,0.00013657,-1.98893483,657.77000000
7288,0.00014908,-1.98893571,657.88000000
7307,0.00013672,-1.98893590,658.22000000
7326,0.00013535,-1.98894218,657.69000000
7345,0.00013062,-1.98893955,657.57000000
7364,0.00015656,-1.98894035,657.56000000
7383,0.00014175,-1.98894160,657.71000000
7402,0.00013672,-1.98894125,658.62000000
7421,0.00014130,-1.98894327,657.77000000
7440,0.00014740,-1.98894398,658.51000000
7459,0.00015869,-1.98894457,658.38000000
7478,0.00014648,-1.98894438,658.39000000
7497,0.00014587,-1.98894555,658.53000000
7516,0.00014999,-1.98894750,657.96000000
7535,0.00014145,-1.98894665,658.05000000
7554,0.00012711,-1.98894644,658.16000000
7573,0.00013962,-1.98895050,658.24000000
7592,0.00014542,-1.98895189,657.75000000
7611,0.00014877,-1.98895100,657.96000000
7630,0.00014053,-1.98895297,657.93000000
7649,0.00014862,-1.98895033,658.30000000
7668,0.00013458,-1.98894900,658.07000000
7687,0.00014969,-1.98895209,658.67000000
7706,0.00014816,-1.98895315,658.13000000
7725,0.00016037,-1.98895705,657.97000000
7744,0.00016129,-1.98895456,658.32000000
7763,0.00016144,-1.98895637,657.89000000
7782,0.00015472,-1.98895814,658.64000000
7801,0.00015350,-1.98895655,657.96000000
7820,0.00015945,-1.98895789,658.18000000
7839,0.00014847,-1.98896162,658.05000000
7858,0.00016174,-1.98896016,658.47000000
7877,0.00015457,-1.98895946,658.59000000
7896,0.00015381,-1.98896126,658.28000000
7915,0.00015671,-1.98896241,657.90000000
7934,0.00013885,-1.98896187,658.81000000
7953,0.00014603,-1.98896190,657.83000000
7972,0.00016357,-1.98896349,658.40000000
7991,0.00015427,-1.98896173,658.72000000
8010,0.00016220,-1.98896399,658.32000000
8029,0.00016144,-1.98896649,657.58000000
8048,0.00014954,-1.98896754,658.53000000
8067,0.00016098,-1.98896621,658.24000000
8086,0.00015839,-1.98896408,659.46000000
8105,0.00014786,-1.98896587,658.42000000
8124,0.00017975,-1.98896685,658.34000000
8143,0.00017212,-1.98896642,658.56000000
8162,0.00016922,-1.98896985,658.42000000
8181,0.00016113,-1.98896603,658.99000000
8200,0.00015442,-1.98896812,658.28000000
8219,0.00015366,-1.98897072,658.23000000
8238,0.00014328,-1.98897206,658.77000000
8257,0.00014832,-1.98896954,659.16000000
8276,0.00016327,-1.98897201,658.33000000
8295,0.00016159,-1.98897239,659.14000000
8314,0.00015228,-1.98897293,658.94000000
8333,0.00015579,-1.98897399,658.84000000
8352,0.00016357,-1.98897591,658.11000000
8371,0.00016754,-1.98897623,659.06000000
8390,0.00016418,-1.98897519,658.30000000
8409,0.00016632,-1.98897697,658.74000000
8428,0.00015503,-1.98897509,658.60000000
8447,0.00015610,-1.98897681,659.10000000
8466,0.00015778,-1.98897782,659.27000000
8485,0.00015457,-1.98897738,659.20000000
8504,0.00015854,-1.98898034,659.01000000
8523,0.00015244,-1.98898125,659.28000000
8542,0.00015732,-1.98898307,659.13000000
8561,0.00015564,-1.98898570,658.49000000
8580,0.00014893,-1.98898469,659.29000000
8599,0.00015442,-1.98898595,659.43000000
8618,0.00015488,-1.98898632,659.94000000
8637,0.00014450,-1.98898487,659.23000000
8656,0.00015411,-1.98898704,659.24000000
8675,0.00014465,-1.98898840,659.41000000
8694,0.00015106,-1.98898852,659.59000000
8713,0.00015366,-1.98899013,658.68000000
8732,0.00015900,-1.98898989,659.27000000
8751,0.00015823,-1.98899193,658.96000000
8770,0.00016098,-1.98899653,658.93000000
8789,0.00016937,-1.98899445,659.69000000
8808,0.00014603,-1.98899512,659.29000000
8827,0.00014771,-1.98899283,659.45000000
8846,0.00015701,-1.98899763,658.66000000
8865,0.00014954,-1.98899588,659.47000000
8884,0.00015839,-1.98899863,659.45000000
8903,0.00016373,-1.98899876,659.80000000
8922,0.00017715,-1.98899954,659.90000000
8941,0.00017746,-1.98899904,659.21000000
8960,0.00016449,-1.98899932,659.81000000
8979,0.00017212,-1.98900178,659.71000000
8998,0.00018356,-1.98900107,660.19000000
9017,0.00018082,-1.98900370,659.77000000
9036,0.00017456,-1.98900287,659.37000000
9055,0.00016342,-1.98900556,659.32000000
9074,0.00017776,-1.98900268,659.78000000
9093,0.00017731,-1.98900457,660.07000000
9112,0.00018692,-1.98900401,659.63000000
9131,0.00017899,-1.98900778,659.68000000
9150,0.00017639,-1.98900559,659.20000000
9169,0.00018021,-1.98900610,659.44000000
9188,0.00018463,-1.98900919,660.15000000
9207,0.00017883,-1.98900734,659.89000000
9226,0.00016144,-1.98900979,660.44000000
9245,0.00017807,-1.98900639,660.13000000
9264,0.00018600,-1.98900932,659.97000000
9283,0.00018051,-1.98901037,659.86000000
9302,0.00018890,-1.98901129,659.42000000
9321,0.00018677,-1.98901140,659.89000000
9340,0.00019150,-1.98901490,660.22000000
9359,0.00016785,-1.98901218,660.18000000
9378,0.00017776,-1.98901720,660.34000000
9397,0.00015991,-1.98901550,660.15000000
9416,0.00015244,-1.98901813,659.85000000
9435,0.00018173,-1.98901951,659.73000000
9454,0.00017792,-1.98901738,660.72000000
9473,0.00016800,-1.98901900,661.08000000
9492,0.00017319,-1.98901802,659.84000000
9511,0.00017380,-1.98902088,659.52000000
9530,0.00015564,-1.98902173,660.02000000
9549,0.00016769,-1.98902370,660.01000000
9568,0.00015518,-1.98902350,660.97000000
9587,0.00015839,-1.98902414,659.82000000
9606,0.00016464,-1.98902437,660.29000000
9625,0.00017731,-1.98902330,659.92000000
9644,0.00017487,-1.98902307,660.46000000
9663,0.00017380,-1.98902488,660.33000000
9682,0.00018066,-1.98902364,660.16000000
9701,0.00018570,-1.98902426,660.74000000
9720,0.00018738,-1.98902511,660.90000000
9739,0.00018051,-1.98902588,660.76000000
9758,0.00017990,-1.98902613,659.96000000
9777,0.00019012,-1.98902776,660.84000000
9796,0.00017731,-1.98902846,659.61000000
9815,0.00016876,-1.98902810,659.94000000
9834,0.00016479,-1.98903091,660.10000000
9853,0.00016296,-1.98903001,660.50000000
9872,0.00017700,-1.98902901,660.21000000
9891,0.00017319,-1.98903156,660.38000000
9910,0.00017609,-1.98903067,660.34000000
9929,0.00018219,-1.98903161,660.34000000
9948,0.00018539,-1.98903384,660.80000000
9967,0.00018478,-1.98903570,660.16000000
9986,0.00017670,-1.98903622,660.68000000
10005,0.00017670,-1.98903622,660.48000000
10024,0.00016098,-1.98903654,660.77000000
10043,0.00017166,-1.98903819,660.78000000
10062,0.00016464,-1.98904016,661.22000000
10081,0.00016754,-1.98903978,661.22000000
10100,0.00017166,-1.98904226,660.82000000
10119,0.00016388,-1.98904183,660.78000000
10138,0.00017349,-1.98904177,660.48000000
10157,0.00017349,-1.98904193,660.07000000
10176,0.00016830,-1.98904133,660.77000000
10195,0.00017029,-1.98904194,660.85000000
10214,0.00017303,-1.98904117,660.94000000
10233,0.00016632,-1.98904082,661.29000000
10252,0.00016418,-1.98904512,660.98000000
10271,0.00018234,-1.98904625,661.47000000
10290,0.00016983,-1.98904501,660.87000000
10309,0.00017792,-1.98904620,660.94000000
10328,0.00014679,-1.98904457,661.38000000
10347,0.00014969,-1.98904767,661.24000000
10366,0.00014877,-1.98904994,660.84000000
10385,0.00017426,-1.98904741,661.20000000
10404,0.00017029,-1.98905109,661.32000000
10423,0.00014923,-1.98905100,660.77000000
10442,0.00017242,-1.98905360,661.60000000
10461,0.00016937,-1.98905238,661.41000000
10480,0.00016510,-1.98905285,661.10000000
10499,0.00017929,-1.98905429,661.43000000
10518,0.00019363,-1.98905553,661.49000000
10537,0.00017227,-1.98905218,660.91000000
10556,0.00017273,-1.98905597,660.91000000
10575,0.00017670,-1.98905882,660.26000000
10594,0.00017761,-1.98905255,661.42000000
10613,0.00017975,-1.98905613,661.27000000
10632,0.00018036,-1.98905680,661.00000000
10651,0.00018066,-1.98905656,660.86000000
10670,0.00015579,-1.98905795,661.22000000
10689,0.00017776,-1.98905969,660.64000000
10708,0.00018097,-1.98905921,660.80000000
10727,0.00016541,-1.98906106,660.55000000
10746,0.00016922,-1.98906084,661.33000000
10765,0.00016556,-1.98906117,661.32000000
10784,0.00016479,-1.98905928,661.89000000
10803,0.00016022,-1.98906101,661.13000000
10822,0.00016296,-1.98906063,661.60000000
10841,0.00015488,-1.98906277,662.17000000
10860,0.00014816,-1.98906113,661.36000000
10879,0.00014374,-1.98906531,661.50000000
10898,0.00014404,-1.98906390,662.03000000
10917,0.00015244,-1.98906449,662.04000000
10936,0.00014008,-1.98906555,661.53000000
10955,0.00013214,-1.98906552,661.44000000
10974,0.00013275,-1.98906685,662.13000000
10993,0.00012985,-1.98906743,662.45000000
11012,0.00012604,-1.98906960,661.88000000
11031,0.00014877,-1.98906929,661.51000000
11050,0.00014404,-1.98906893,661.30000000
11069,0.00015747,-1.98906895,662.01000000
11088,0.00015533,-1.98906798,661.69000000
11107,0.00015244,-1.98906957,662.12000000
11126,0.00015289,-1.98907042,661.59000000
11145,0.00015701,-1.98907239,661.70000000
11164,0.00016541,-1.98907516,661.64000000
11183,0.00014755,-1.98907240,662.62000000
11202,0.00015869,-1.98907554,661.42000000
11221,0.00016159,-1.98907765,661.12000000
11240,0.00015411,-1.98907606,661.73000000
11259,0.00015976,-1.98907807,661.15000000
11278,0.00015213,-1.98907743,661.95000000
11297,0.00015732,-1.98907664,661.95000000
11316,0.00013840,-1.98907859,661.78000000
11335,0.00016983,-1.98907745,661.78000000
11354,0.00017059,-1.98907590,662.03000000
11373,0.00016266,-1.98907715,662.29000000
11392,0.00017181,-1.98907750,662.01000000
11411,0.00016724,-1.98907872,662.38000000
11430,0.00016617,-1.98907834,662.61000000
11449,0.00015305,-1.98907811,662.81000000
11468,0.00015854,-1.98908236,661.84000000
11487,0.00017700,-1.98908014,661.86000000
11506,0.00017227,-1.98907861,662.13000000
11525,0.00017426,-1.98908131,662.21000000
11544,0.00015228,-1.98908348,661.25000000
11563,0.00014801,-1.98908102,661.93000000
11582,0.00015717,-1.98908114,661.71000000
11601,0.00017487,-1.98908266,662.22000000
11620,0.00014389,-1.98907907,662.49000000
11639,0.00015671,-1.98908211,662.15000000
11658,0.00015472,-1.98908157,662.77000000
11677,0.00015182,-1.98908485,661.78000000
11696,0.00014175,-1.98908445,662.29000000
11715,0.00015396,-1.98908537,661.75000000
11734,0.00015640,-1.98908566,662.50000000
11753,0.00015076,-1.98908624,662.24000000
11772,0.00015060,-1.98908785,662.14000000
11791,0.00014923,-1.98908706,662.36000000
11810,0.00014069,-1.98908938,661.56000000
11829,0.00015182,-1.98908767,662.70000000
11848,0.00014969,-1.98908985,662.37000000
11867,0.00015427,-1.98909021,661.87000000
11886,0.00015442,-1.98909056,662.73000000
11905,0.00015457,-1.98908977,662.69000000
11924,0.00013763,-1.98909051,661.52000000
11943,0.00012955,-1.98909002,662.68000000
11962,0.00013916,-1.98909273,662.34000000
11981,0.00013977,-1.98909200,662.68000000
12000,0.00014648,-1.98909196,662.77000000
12019,0.00014175,-1.98909424,662.39000000
12038,0.00014221,-1.98909379,661.71000000
12057,0.00013260,-1.98909428,661.77000000
12076,0.00013443,-1.98909420,663.03000000
12095,0.00013565,-1.98909603,662.67000000
12114,0.00012253,-1.98909436,662.72000000
12133,0.00012680,-1.98909437,662.39000000
12152,0.00015671,-1.98909720,662.72000000
12171,0.00015244,-1.98909405,662.26000000
12190,0.00013382,-1.98909398,662.62000000
12209,0.00014465,-1.98909633,661.98000000
12228,0.00015488,-1.98909751,661.78000000
12247,0.00015106,-1.98909781,662.31000000
12266,0.00015228,-1.98910139,661.83000000
12285,0.00013840,-1.98909972,662.63000000
12304,0.00013535,-1.98909928,662.86000000
12323,0.00014084,-1.98910149,662.03000000
12342,0.00015030,-1.98910191,662.72000000
12361,0.00014999,-1.98910367,661.71000000
12380,0.00014114,-1.98910403,662.38000000
12399,0.00014389,-1.98910436,662.13000000
12418,0.00012589,-1.98910203,662.63000000
12437,0.00014221,-1.98910527,662.43000000
12456,0.00015411,-1.98910497,662.67000000
12475,0.00013641,-1.98910545,662.54000000
12494,0.00014908,-1.98910671,662.48000000
12513,0.00014252,-1.98910506,662.72000000
12532,0.00015656,-1.98910505,663.89000000
12551,0.00015228,-1.98910576,662.28000000
12570,0.00013687,-1.98910475,663.46000000
12589,0.00013962,-1.98910702,662.66000000
12608,0.00014771,-1.98910895,662.32000000
12627,0.00014954,-1.98911011,663.06000000
12646,0.00013412,-1.98911231,663.09000000
12665,0.00013046,-1.98911006,662.75000000
12684,0.00015671,-1.98911050,663.06000000
12703,0.00014587,-1.98911041,663.17000000
12722,0.00013733,-1.98911065,662.85000000
12741,0.00014252,-1.98911134,663.28000000
12760,0.00014038,-1.98911134,662.90000000
12779,0.00015182,-1.98911274,663.14000000
12798,0.00015030,-1.98911276,663.14000000
12817,0.00015671,-1.98911251,662.57000000
12836,0.00014557,-1.98911495,662.32000000
12855,0.00013748,-1.98911247,663.08000000
12874,0.00013870,-1.98911402,663.01000000
12893,0.00013550,-1.98911437,662.77000000
12912,0.00014191,-1.98911258,662.92000000
12931,0.00014999,-1.98911564,663.49000000
12950,0.00014603,-1.98911300,663.36000000
12969,0.00015808,-1.98911529,663.50000000
12988,0.00014343,-1.98911731,663.02000000
13007,0.00015274,-1.98911741,661.89000000
13026,0.00014832,-1.98911555,663.57000000
13045,0.00015335,-1.98911970,663.17000000
13064,0.00014816,-1.98911893,663.46000000
13083,0.00015594,-1.98911830,662.38000000
13102,0.00015671,-1.98911961,663.14000000
13121,0.00014755,-1.98911967,662.73000000
13140,0.00013916,-1.98911739,663.05000000
13159,0.00016144,-1.98911977,662.20000000
13178,0.00016525,-1.98911945,662.56000000
13197,0.00014755,-1.98911855,663.66000000
13216,0.00015930,-1.98912102,663.12000000
13235,0.00014023,-1.98912070,663.45000000
13254,0.00015747,-1.98912206,663.27000000
13273,0.00015259,-1.98912387,662.70000000
13292,0.00013809,-1.98912205,663.21000000
13311,0.00014420,-1.98912407,662.81000000
13330,0.00015167,-1.98912463,662.62000000
13349,0.00015808,-1.98912472,663.04000000
13368,0.00015579,-1.98912609,663.29000000
13387,0.00014389,-1.98912505,663.59000000
13406,0.00014984,-1.98912658,663.79000000
13425,0.00015472,-1.98912439,663.50000000
13444,0.00016388,-1.98912665,663.17000000
13463,0.00017075,-1.98912617,663.13000000
13482,0.00015549,-1.98912716,663.35000000
13501,0.00015610,-1.98912931,662.79000000
13520,0.00014557,-1.98912751,663.32000000
13539,0.00013046,-1.98912823,662.86000000
13558,0.00015457,-1.98912705,663.62000000
13577,0.00014038,-1.98912830,663.58000000
13596,0.00013748,-1.98912848,663.35000000
13615,0.00015640,-1.98912889,663.53000000
13634,0.00016388,-1.98912900,663.02000000
13653,0.00015488,-1.98912983,664.30000000
13672,0.00017044,-1.98913232,663.69000000
13691,0.00015579,-1.98913013,663.15000000
13710,0.00016281,-1.98913128,663.88000000
13729,0.00016571,-1.98913153,664.13000000
13748,0.00015366,-1.98913284,663.76000000
13767,0.00014099,-1.98913560,663.66000000
13786,0.00016724,-1.98913241,664.55000000
13805,0.00016144,-1.98913564,663.49000000
13824,0.00013977,-1.98913572,663.48000000
13843,0.00014603,-1.98913800,663.64000000
13862,0.00016205,-1.98913645,663.38000000
13881,0.00014786,-1.98913509,663.74000000
13900,0.00015579,-1.98913730,663.89000000
13919,0.00015060,-1.98914075,663.67000000
13938,0.00013916,-1.98913709,664.22000000
13957,0.00014282,-1.98914137,663.93000000
13976,0.00012619,-1.98914227,663.74000000
13995,0.00016083,-1.98913924,664.07000000
14014,0.00014786,-1.98914041,664.06000000
14033,0.00015701,-1.98914207,664.07000000
14052,0.00015564,-1.98913962,664.53000000
14071,0.00015442,-1.98913944,664.31000000
14090,0.00016327,-1.98914233,663.77000000
14109,0.00016037,-1.98914212,663.98000000
14128,0.00014313,-1.98914412,663.77000000
14147,0.00015671,-1.98914292,664.38000000
14166,0.00015762,-1.98914114,664.02000000
14185,0.00015564,-1.98914202,664.47000000
14204,0.00015976,-1.98914082,664.82000000
14223,0.00015533,-1.98914408,664.78000000
14242,0.00014374,-1.98914448,664.24000000
14261,0.00014694,-1.98914467,664.33000000
14280,0.00015167,-1.98914777,663.67000000
14299,0.00016083,-1.98914660,663.74000000
14318,0.00015472,-1.98914741,663.63000000
14337,0.00015732,-1.98914635,664.15000000
14356,0.00014984,-1.98914706,663.84000000
14375,0.00014984,-1.98914771,664.04000000
14394,0.00013870,-1.98914764,664.28000000
14413,0.00014618,-1.98914980,663.82000000
14432,0.00013321,-1.98914991,663.87000000
14451,0.00013504,-1.98915020,663.45000000
14470,0.00014847,-1.98914870,664.07000000
14489,0.00015350,-1.98914947,664.44000000
14508,0.00013458,-1.98914916,664.08000000
14527,0.00013794,-1.98915059,664.40000000
14546,0.00013306,-1.98914986,663.89000000
14565,0.00013947,-1.98914877,664.22000000
14584,0.00014282,-1.98914976,664.03000000
14603,0.00014587,-1.98914832,664.48000000
14622,0.00013184,-1.98915149,664.63000000
14641,0.00012680,-1.98915249,664.45000000
14660,0.00012466,-1.98915442,664.21000000
14679,0.00013550,-1.98915232,664.32000000
14698,0.00014740,-1.98915327,664.06000000
14717,0.00014511,-1.98915493,664.12000000
14736,0.00014725,-1.98915655,664.61000000
14755,0.00013748,-1.98915507,663.96000000
14774,0.00014114,-1.98915544,663.86000000
14793,0.00014191,-1.98915619,664.87000000
14812,0.00014023,-1.98915715,664.45000000
14831,0.00014160,-1.98915904,663.98000000
14850,0.00014008,-1.98915780,664.63000000
14869,0.00013275,-1.98915623,665.25000000
14888,0.00016037,-1.98915649,664.78000000
14907,0.00014984,-1.98915907,664.22000000
14926,0.00014542,-1.98915845,664.56000000
14945,0.00014832,-1.98915897,664.60000000
14964,0.00014801,-1.98915919,664.11000000
14983,0.00013824,-1.98915915,663.77000000
15002,0.00014771,-1.98916229,664.33000000
15021,0.00014816,-1.98915973,664.45000000
15040,0.00015457,-1.98916176,665.36000000
15059,0.00015869,-1.98916306,664.63000000
15078,0.00014816,-1.98916187,664.88000000
15097,0.00013077,-1.98916281,664.35000000
15116,0.00015091,-1.98916424,664.71000000
15135,0.00015106,-1.98916266,664.77000000
15154,0.00014389,-1.98916505,664.11000000
15173,0.00015366,-1.98916130,664.93000000
15192,0.00013733,-1.98916533,664.85000000
15211,0.00014328,-1.98916712,664.77000000
15230,0.00014084,-1.98916512,664.46000000
15249,0.00014374,-1.98916408,664.14000000
15268,0.00015854,-1.98916620,664.75000000
15287,0.00015259,-1.98916655,664.31000000
15306,0.00015884,-1.98916799,664.46000000
15325,0.00014206,-1.98916586,664.47000000
15344,0.00015717,-1.98916660,664.92000000
15363,0.00016068,-1.98916689,665.27000000
15382,0.00014252,-1.98916528,664.45000000
15401,0.00014191,-1.98916655,664.20000000
15420,0.00014893,-1.98916710,664.37000000
15439,0.00014801,-1.98916908,664.40000000
15458,0.00014175,-1.98917045,664.27000000
15477,0.00014343,-1.98916658,664.89000000
15496,0.00014328,-1.98917050,664.25000000
15515,0.00014191,-1.98916833,664.64000000
15534,0.00014618,-1.98917158,664.51000000
15553,0.00014786,-1.98917109,664.69000000
15572,0.00014648,-1.98917155,664.91000000
15591,0.00013901,-1.98917215,664.55000000
15610,0.00013611,-1.98917215,665.24000000
15629,0.00015106,-1.98917115,664.89000000
15648,0.00013626,-1.98917257,665.01000000
15667,0.00013184,-1.98917471,664.21000000
15686,0.00012619,-1.98917265,665.77000000
15705,0.00014008,-1.98917245,664.98000000
15724,0.00013474,-1.98917461,664.68000000
15743,0.00012970,-1.98917541,664.68000000
15762,0.00012344,-1.98917472,664.80000000
15781,0.00012787,-1.98917719,665.34000000
15800,0.00012024,-1.98917544,665.13000000
15819,0.00011429,-1.98917694,665.22000000
15838,0.00010864,-1.98917527,665.29000000
15857,0.00013977,-1.98917563,664.80000000
15876,0.00013123,-1.98917769,664.17000000
15895,0.00012192,-1.98917590,664.61000000
15914,0.00012100,-1.98917523,665.12000000
15933,0.00010651,-1.98917660,664.88000000
15952,0.00011200,-1.98917732,664.83000000
15971,0.00011734,-1.98917929,664.08000000
15990,0.00012497,-1.98917641,664.85000000
16009,0.00011719,-1.98917921,665.00000000
16028,0.00011978,-1.98917914,665.01000000
16047,0.00011353,-1.98917802,664.79000000
16066,0.00011322,-1.98917633,665.09000000
16085,0.00012344,-1.98917997,665.30000000
16104,0.00011459,-1.98917931,665.32000000
16123,0.00011673,-1.98918005,665.54000000
16142,0.00011383,-1.98917993,665.12000000
16161,0.00011566,-1.98918096,664.91000000
16180,0.00012100,-1.98918023,665.34000000
16199,0.00014709,-1.98918318,664.83000000
16218,0.00010880,-1.98918594,664.75000000
16237,0.00013153,-1.98918616,664.79000000
16256,0.00013153,-1.98918429,665.12000000
16275,0.00013199,-1.98918637,665.48000000
16294,0.00012268,-1.98918759,665.06000000
16313,0.00012314,-1.98918810,664.68000000
16332,0.00011780,-1.98918808,665.28000000
16351,0.00011978,-1.98919075,664.81000000
16370,0.00012390,-1.98918860,665.52000000
16389,0.00010971,-1.98918736,665.70000000
16408,0.00013702,-1.98918981,665.58000000
16427,0.00013031,-1.98918836,665.87000000
16446,0.00011475,-1.98919027,665.68000000
16465,0.00011368,-1.98919112,665.39000000
16484,0.00012070,-1.98918974,665.76000000
16503,0.00012726,-1.98918980,665.33000000
16522,0.00012451,-1.98918897,666.03000000
16541,0.00012451,-1.98919128,665.81000000
16560,0.00012985,-1.98919304,665.38000000
16579,0.00012589,-1.98919272,666.25000000
16598,0.00013412,-1.98919456,665.17000000
16617,0.00012833,-1.98919570,665.47000000
16636,0.00013321,-1.98919376,665.67000000
16655,0.00011597,-1.98919521,665.46000000
16674,0.00013016,-1.98919427,665.36000000
16693,0.00013611,-1.98919378,665.25000000
16712,0.00012222,-1.98919652,665.47000000
16731,0.00012909,-1.98919682,665.90000000
16750,0.00012070,-1.98919659,665.12000000
16769,0.00011032,-1.98919591,665.40000000
16788,0.00011658,-1.98919332,665.39000000
16807,0.00012238,-1.98919763,664.59000000
16826,0.00013565,-1.98919696,665.87000000
16845,0.00012756,-1.98919856,665.41000000
16864,0.00013840,-1.98919728,665.32000000
16883,0.00014328,-1.98919688,665.35000000
16902,0.00013321,-1.98919623,666.70000000
16921,0.00013138,-1.98920045,665.71000000
16940,0.00013062,-1.98920115,665.17000000
16959,0.00013290,-1.98920150,664.80000000
16978,0.00012482,-1.98919980,665.64000000
16997,0.00013779,-1.98920272,665.39000000
17016,0.00013474,-1.98920280,665.59000000
17035,0.00011917,-1.98920306,665.30000000
17054,0.00012253,-1.98920100,666.04000000
17073,0.00012039,-1.98920380,665.68000000
17092,0.00012207,-1.98920222,665.89000000
17111,0.00012589,-1.98920370,665.90000000
17130,0.00011444,-1.98920493,666.23000000
17149,0.00010818,-1.98920606,665.80000000
17168,0.00011871,-1.98920475,666.02000000
17187,0.00012070,-1.98920883,665.98000000
17206,0.00012421,-1.98920672,665.53000000
17225,0.00011459,-1.98920763,665.77000000
17244,0.00012299,-1.98920751,665.33000000
17263,0.00012466,-1.98920667,665.69000000
17282,0.00012146,-1.98920619,666.47000000
17301,0.00010834,-1.98920993,665.87000000
17320,0.00012238,-1.98920828,666.11000000
17339,0.00013092,-1.98920931,665.65000000
17358,0.00013199,-1.98920929,666.17000000
17377,0.00013535,-1.98921172,665.76000000
17396,0.00012711,-1.98920963,666.22000000
17415,0.00012497,-1.98920901,666.21000000
17434,0.00012527,-1.98921002,666.21000000
17453,0.00013123,-1.98921053,666.29000000
17472,0.00012558,-1.98921170,667.06000000
17491,0.00013321,-1.98921135,665.80000000
17510,0.00012497,-1.98921099,666.89000000
17529,0.00012894,-1.98921224,666.37000000
17548,0.00011948,-1.98921351,666.46000000
17567,0.00011505,-1.98921300,666.00000000
17586,0.00012848,-1.98921220,666.54000000
17605,0.00012634,-1.98921375,665.92000000
17624,0.00012268,-1.98921327,666.72000000
17643,0.00013123,-1.98921387,666.58000000
17662,0.00012619,-1.98921735,666.61000000
17681,0.00011536,-1.98921678,666.28000000
17700,0.00012054,-1.98921618,666.53000000
17719,0.00011368,-1.98921607,666.27000000
17738,0.00013046,-1.98921454,666.72000000
17757,0.00013474,-1.98921747,666.06000000
17776,0.00013138,-1.98921763,666.32000000
17795,0.00013397,-1.98921719,666.39000000
17814,0.00013199,-1.98921703,666.57000000
17833,0.00012085,-1.98921848,666.23000000
17852,0.00011215,-1.98921559,666.80000000
17871,0.00011734,-1.98921952,666.83000000
17890,0.00011978,-1.98921943,666.94000000
17909,0.00012527,-1.98921753,666.95000000
17928,0.00013290,-1.98921846,666.23000000
17947,0.00012772,-1.98922005,666.65000000
17966,0.00012436,-1.98922151,666.42000000
17985,0.00011673,-1.98922038,666.85000000
18004,0.00012787,-1.98922270,666.90000000
18023,0.00012711,-1.98922003,666.74000000
18042,0.00012039,-1.98922176,667.20000000
18061,0.00011505,-1.98922507,666.78000000
18080,0.00013641,-1.98922293,666.52000000
18099,0.00014023,-1.98922321,666.05000000
18118,0.00013870,-1.98922484,666.35000000
18137,0.00013702,-1.98922592,666.43000000
18156,0.00013077,-1.98922449,666.69000000
18175,0.00013290,-1.98922639,666.95000000
18194,0.00013351,-1.98922777,667.49000000
18213,0.00014267,-1.98922531,667.27000000
18232,0.00015244,-1.98922801,666.45000000
18251,0.00013901,-1.98922671,666.72000000
18270,0.00014008,-1.98922836,666.97000000
18289,0.00012466,-1.98922694,666.50000000
18308,0.00013565,-1.98922738,668.17000000
18327,0.00014328,-1.98923056,666.52000000
18346,0.00013763,-1.98922776,667.12000000
18365,0.00013840,-1.98922883,667.46000000
18384,0.00014481,-1.98922953,666.60000000
18403,0.00013611,-1.98922958,666.06000000
18422,0.00013718,-1.98922920,666.16000000
18441,0.00014038,-1.98923010,666.16000000
18460,0.00015610,-1.98923043,667.14000000
18479,0.00013840,-1.98923194,667.02000000
18498,0.00012329,-1.98923224,666.37000000
18517,0.00013840,-1.98923203,666.99000000
18536,0.00012939,-1.98923230,666.74000000
18555,0.00013611,-1.98923045,666.45000000
18574,0.00012527,-1.98922870,667.16000000
18593,0.00013763,-1.98923098,667.19000000
18612,0.00011856,-1.98923232,667.45000000
18631,0.00012955,-1.98923036,667.20000000
18650,0.00014801,-1.98923114,666.88000000
18669,0.00014282,-1.98923287,666.95000000
18688,0.00014801,-1.98923207,667.69000000
18707,0.00012924,-1.98923076,667.04000000
18726,0.00013077,-1.98923244,667.05000000
18745,0.00013763,-1.98923256,667.47000000
18764,0.00013519,-1.98923303,666.90000000
18783,0.00013321,-1.98923526,667.06000000
18802,0.00014999,-1.98923462,667.02000000
18821,0.00012817,-1.98923638,667.19000000
18840,0.00013275,-1.98923464,666.97000000
18859,0.00012848,-1.98923782,666.99000000
18878,0.00013016,-1.98923588,667.24000000
18897,0.00013382,-1.98923644,667.27000000
18916,0.00013458,-1.98923628,667.09000000
18935,0.00013123,-1.98923473,667.27000000
18954,0.00013229,-1.98923461,667.29000000
18973,0.00013474,-1.98923839,667.12000000
18992,0.00013977,-1.98923779,666.77000000
19011,0.00014389,-1.98923910,666.95000000
19030,0.00013626,-1.98923785,667.29000000
19049,0.00013855,-1.98923744,666.83000000
19068,0.00012192,-1.98923896,666.88000000
19087,0.00013840,-1.98923990,666.88000000
19106,0.00014450,-1.98923720,667.22000000
19125,0.00012955,-1.98924060,667.40000000
19144,0.00013550,-1.98923943,667.65000000
19163,0.00013916,-1.98923850,666.96000000
19182,0.00013901,-1.98923798,666.90000000
19201,0.00014175,-1.98924092,666.85000000
19220,0.00014557,-1.98924035,666.54000000
19239,0.00014145,-1.98924124,666.23000000
19258,0.00013931,-1.98924145,667.14000000
19277,0.00013748,-1.98924164,666.73000000
19296,0.00013428,-1.98923986,667.15000000
19315,0.00012405,-1.98924172,667.07000000
19334,0.00013092,-1.98924490,666.96000000
19353,0.00013702,-1.98924376,667.71000000
19372,0.00014023,-1.98924360,667.61000000
19391,0.00012619,-1.98924708,666.94000000
19410,0.00013336,-1.98924510,667.42000000
19429,0.00012909,-1.98924422,667.37000000
19448,0.00014847,-1.98924401,667.46000000
19467,0.00013977,-1.98924518,666.85000000
19486,0.00014023,-1.98924568,666.51000000
19505,0.00013382,-1.98924580,667.49000000
19524,0.00013504,-1.98924663,667.41000000
19543,0.00014359,-1.98924972,666.67000000
19562,0.00014191,-1.98924776,667.44000000
19581,0.00013550,-1.98924909,667.22000000
19600,0.00016205,-1.98924826,667.21000000
19619,0.00013916,-1.98925015,667.29000000
19638,0.00014008,-1.98924869,666.93000000
19657,0.00014252,-1.98925096,666.38000000
19676,0.00013535,-1.98925073,667.51000000
19695,0.00013611,-1.98924988,667.22000000
19714,0.00014145,-1.98925198,666.56000000
19733,0.00013214,-1.98925360,666.56000000
19752,0.00013763,-1.98925038,667.40000000
19771,0.00014084,-1.98925228,667.47000000
19790,0.00013000,-1.98925120,667.79000000
19809,0.00013550,-1.98925103,666.84000000
19828,0.00014130,-1.98925058,667.01000000
19847,0.00013397,-1.98925335,667.22000000
19866,0.00013474,-1.98925395,667.29000000
19885,0.00014893,-1.98925471,667.22000000
19904,0.00013779,-1.98925636,667.52000000
19923,0.00014496,-1.98925426,667.65000000
19942,0.00014236,-1.98925435,667.24000000
19961,0.00013977,-1.98925261,667.81000000
19980,0.00012695,-1.98925582,667.33000000
19999,0.00014420,-1.98925327,668.02000000
