2D FM Ising; L=32; T=1.00; MC steps= 1.00e+04; repeat=200; Final_E=-1974.09; Final_M=-230
mc_step,mag,energy,domain_len
0,0.00000000,-1.87585078,64.00000000
1,-0.00121094,-1.85940819,89.28000000
2,-0.00205078,-1.85545797,100.26000000
3,-0.00144531,-1.85460327,106.95000000
4,-0.00178711,-1.85422303,111.85000000
5,-0.00220703,-1.85566463,114.18000000
6,-0.00145508,-1.85806785,116.18000000
7,-0.00209961,-1.85830150,117.67000000
8,-0.00079102,-1.85962640,119.51000000
9,-0.00111328,-1.86058974,121.23000000
10,-0.00012695,-1.86062769,123.04000000
11,-0.00134766,-1.86168361,124.42000000
12,-0.00112305,-1.86369138,124.34000000
13,-0.00091797,-1.86481280,125.22000000
14,-0.00104492,-1.86500568,126.05000000
15,0.00023437,-1.86588444,127.39000000
16,0.00101563,-1.86697221,127.54000000
17,0.00147461,-1.86797098,127.97000000
18,0.00201172,-1.86829096,128.99000000
19,0.00245117,-1.86886362,129.13000000
20,0.00265625,-1.86963887,129.79000000
21,0.00317383,-1.87091853,129.81000000
22,0.00416992,-1.87070726,130.89000000
23,0.00371094,-1.87057580,132.47000000
24,0.00433594,-1.87164922,132.35000000
25,0.00444336,-1.87209679,132.58000000
26,0.00469727,-1.87303845,132.20000000
27,0.00640625,-1.87198367,134.02000000
28,0.00750977,-1.87320840,133.70000000
29,0.00826172,-1.87366554,134.34000000
30,0.00866211,-1.87443488,135.37000000
31,0.00791992,-1.87464856,135.05000000
32,0.00902344,-1.87467481,135.36000000
33,0.00895508,-1.87429758,135.91000000
34,0.00792969,-1.87309155,136.55000000
35,0.00932617,-1.87453067,136.73000000
36,0.00888672,-1.87461010,137.31000000
37,0.00933594,-1.87703112,136.93000000
38,0.00895508,-1.87611991,137.50000000
39,0.00885742,-1.87575331,137.42000000
40,0.00883789,-1.87671788,137.70000000
41,0.01010742,-1.87820752,137.45000000
42,0.01068359,-1.87958198,137.10000000
43,0.01142578,-1.87928419,137.83000000
44,0.01028320,-1.87992546,137.26000000
45,0.01129883,-1.88063028,137.77000000
46,0.01067383,-1.88055231,137.54000000
47,0.01136719,-1.88005911,138.39000000
48,0.01114258,-1.88188882,137.63000000
49,0.01083984,-1.88144435,138.34000000
50,0.01132812,-1.88113877,139.55000000
51,0.01093750,-1.88104497,139.64000000
52,0.01189453,-1.88005778,140.22000000
53,0.01213867,-1.88050083,140.64000000
54,0.01288086,-1.87965604,141.17000000
55,0.01176758,-1.87975570,141.74000000
56,0.01101562,-1.88201496,140.70000000
57,0.01080078,-1.88203754,140.53000000
58,0.01260742,-1.88173389,140.74000000
59,0.01279297,-1.88045515,142.10000000
60,0.01332031,-1.88092534,142.20000000
61,0.01239258,-1.88220755,141.51000000
62,0.01334961,-1.88181833,142.23000000
63,0.01419922,-1.88228403,142.31000000
64,0.01481445,-1.88360798,141.40000000
65,0.01540039,-1.88383787,141.32000000
66,0.01526367,-1.88392040,142.26000000
67,0.01673828,-1.88278438,143.63000000
68,0.01787109,-1.88348410,143.06000000
69,0.01780273,-1.88337435,143.96000000
70,0.01693359,-1.88333411,143.61000000
71,0.01511719,-1.88501221,142.92000000
72,0.01520508,-1.88555267,142.63000000
73,0.01357422,-1.88428096,144.05000000
74,0.01330078,-1.88493262,143.21000000
75,0.01211914,-1.88560656,144.09000000
76,0.01183594,-1.88452967,144.35000000
77,0.01208984,-1.88629599,143.14000000
78,0.01250977,-1.88679503,143.02000000
79,0.01248047,-1.88768787,142.89000000
80,0.01336914,-1.88680977,142.90000000
81,0.01247070,-1.88732492,142.32000000
82,0.01169922,-1.88758588,142.94000000
83,0.01199219,-1.88862176,142.72000000
84,0.01215820,-1.88901737,141.97000000
85,0.01322266,-1.88978169,141.84000000
86,0.01258789,-1.88979612,141.68000000
87,0.01102539,-1.89035023,141.67000000
88,0.01080078,-1.88998357,142.37000000
89,0.01064453,-1.88994623,142.92000000
90,0.00919922,-1.89023528,142.72000000
91,0.00773437,-1.89134038,141.43000000
92,0.00674805,-1.89159723,142.36000000
93,0.00662109,-1.89130665,142.05000000
94,0.00738281,-1.89049180,143.09000000
95,0.00762695,-1.89047431,142.97000000
96,0.00848633,-1.89000115,143.18000000
97,0.00851563,-1.88906475,143.83000000
98,0.00911133,-1.89064604,142.98000000
99,0.00921875,-1.89182282,142.82000000
100,0.00904297,-1.89153667,143.52000000
101,0.00933594,-1.89164608,143.57000000
102,0.01023438,-1.89087245,143.97000000
103,0.01018555,-1.89026939,144.98000000
104,0.00997070,-1.88955889,146.47000000
105,0.01041992,-1.89000946,146.09000000
106,0.01064453,-1.89238817,144.32000000
107,0.00947266,-1.89319854,144.22000000
108,0.00964844,-1.89027317,146.17000000
109,0.00999023,-1.89165740,145.22000000
110,0.01071289,-1.89160795,145.37000000
111,0.00955078,-1.89175934,145.46000000
112,0.00805664,-1.89122705,145.92000000
113,0.00791016,-1.89308309,144.69000000
114,0.00944336,-1.89281058,145.20000000
115,0.00890625,-1.89200779,146.13000000
116,0.01008789,-1.89143333,145.53000000
117,0.01065430,-1.89283549,144.28000000
118,0.01150391,-1.89260841,145.75000000
119,0.01059570,-1.89250843,145.71000000
120,0.01125977,-1.89257758,146.19000000
121,0.01163086,-1.89173874,147.03000000
122,0.01149414,-1.89371774,145.44000000
123,0.01198242,-1.89318332,146.64000000
124,0.01196289,-1.89399631,145.84000000
125,0.01136719,-1.89508352,145.06000000
126,0.01262695,-1.89321570,146.27000000
127,0.01259766,-1.89281626,146.28000000
128,0.01184570,-1.89358359,145.87000000
129,0.01146484,-1.89401374,146.17000000
130,0.01341797,-1.89363092,146.17000000
131,0.01362305,-1.89340453,146.40000000
132,0.01400391,-1.89416550,146.66000000
133,0.01356445,-1.89408159,146.36000000
134,0.01357422,-1.89479919,145.59000000
135,0.01476562,-1.89519371,145.67000000
136,0.01557617,-1.89599929,145.59000000
137,0.01640625,-1.89588688,145.47000000
138,0.01730469,-1.89484406,146.84000000
139,0.01753906,-1.89485694,146.66000000
140,0.01694336,-1.89548300,146.10000000
141,0.01681641,-1.89456796,146.41000000
142,0.01580078,-1.89548907,146.21000000
143,0.01576172,-1.89514868,146.51000000
144,0.01694336,-1.89489502,146.44000000
145,0.01632812,-1.89614783,146.25000000
146,0.01674805,-1.89483922,146.97000000
147,0.01701172,-1.89596930,146.39000000
148,0.01614258,-1.89696843,145.65000000
149,0.01752930,-1.89731330,145.57000000
150,0.01653320,-1.89732135,145.73000000
151,0.01637695,-1.89674103,145.81000000
152,0.01752930,-1.89716609,145.40000000
153,0.01682617,-1.89794780,144.88000000
154,0.01768555,-1.89703039,146.06000000
155,0.01819336,-1.89588861,146.74000000
156,0.01844727,-1.89595846,147.59000000
157,0.01815430,-1.89679962,146.88000000
158,0.01716797,-1.89648798,147.53000000
159,0.01713867,-1.89488403,148.85000000
160,0.01651367,-1.89560547,148.64000000
161,0.01633789,-1.89722913,147.52000000
162,0.01748047,-1.89761428,147.34000000
163,0.01812500,-1.89872515,146.69000000
164,0.01859375,-1.89815484,146.52000000
165,0.01754883,-1.89753225,146.53000000
166,0.01821289,-1.89874388,146.23000000
167,0.01743164,-1.89809123,147.14000000
168,0.01610352,-1.89806584,146.86000000
169,0.01690430,-1.89811471,147.14000000
170,0.01653320,-1.89729400,147.45000000
171,0.01778320,-1.89824994,146.49000000
172,0.01945313,-1.89977475,146.74000000
173,0.02092773,-1.89779269,147.82000000
174,0.02037109,-1.90033993,145.92000000
175,0.01984375,-1.90046052,145.95000000
176,0.02009766,-1.90096870,146.17000000
177,0.01819336,-1.89963725,146.50000000
178,0.01956055,-1.89957758,147.33000000
179,0.01958008,-1.90083574,146.15000000
180,0.01939453,-1.90104128,146.38000000
181,0.01865234,-1.90191588,145.60000000
182,0.01914063,-1.90129784,145.90000000
183,0.01832031,-1.90113941,146.45000000
184,0.01850586,-1.90231383,145.65000000
185,0.01900391,-1.90197973,146.03000000
186,0.01781250,-1.90170381,146.18000000
187,0.01726562,-1.89979582,147.63000000
188,0.01781250,-1.90009786,147.34000000
189,0.01866211,-1.90041493,146.90000000
190,0.01786133,-1.90173577,146.22000000
191,0.01929688,-1.90217135,146.33000000
192,0.02073242,-1.90264944,145.27000000
193,0.01981445,-1.90411587,144.76000000
194,0.01906250,-1.90314923,145.06000000
195,0.01873047,-1.90078560,146.55000000
196,0.02047852,-1.90160586,146.43000000
197,0.01990234,-1.90176270,146.34000000
198,0.02106445,-1.90216633,146.65000000
199,0.02023437,-1.90314311,145.99000000
200,0.02006836,-1.90535797,145.09000000
201,0.01890625,-1.90337771,146.03000000
202,0.01945313,-1.90211528,146.61000000
203,0.01975586,-1.90265395,146.25000000
204,0.02037109,-1.90313525,145.55000000
205,0.02176758,-1.90292009,145.89000000
206,0.02195313,-1.90268224,146.26000000
207,0.02220703,-1.90381409,146.15000000
208,0.02154297,-1.90476659,145.61000000
209,0.02350586,-1.90509863,145.77000000
210,0.02287109,-1.90471567,145.84000000
211,0.02347656,-1.90355950,146.87000000
212,0.02414062,-1.90441017,145.75000000
213,0.02346680,-1.90357406,146.32000000
214,0.02383789,-1.90316205,147.01000000
215,0.02275391,-1.90555794,145.75000000
216,0.02412109,-1.90511494,146.18000000
217,0.02543945,-1.90672400,145.19000000
218,0.02565430,-1.90604501,145.14000000
219,0.02570313,-1.90559070,145.40000000
220,0.02582031,-1.90600225,145.71000000
221,0.02376953,-1.90460805,146.90000000
222,0.02497070,-1.90604113,145.62000000
223,0.02390625,-1.90769870,144.48000000
224,0.02423828,-1.90680330,145.13000000
225,0.02572266,-1.90625757,145.60000000
226,0.02565430,-1.90701037,145.36000000
227,0.02567383,-1.90690961,145.53000000
228,0.02547852,-1.90586052,146.49000000
229,0.02687500,-1.90654465,145.95000000
230,0.02669922,-1.90510141,146.88000000
231,0.02510742,-1.90600852,146.04000000
232,0.02555664,-1.90717426,144.79000000
233,0.02739258,-1.90690196,145.24000000
234,0.02676758,-1.90763254,144.73000000
235,0.02730469,-1.90815040,144.83000000
236,0.02774414,-1.90935649,143.70000000
237,0.02811523,-1.90935185,143.79000000
238,0.02875000,-1.90822999,144.62000000
239,0.02945313,-1.90854624,144.88000000
240,0.02924805,-1.90780583,145.64000000
241,0.02950195,-1.90796312,145.44000000
242,0.02943359,-1.90955136,144.50000000
243,0.02985352,-1.90967348,143.98000000
244,0.02982422,-1.90869328,144.95000000
245,0.03005859,-1.90809043,145.15000000
246,0.03012695,-1.90911520,143.87000000
247,0.03076172,-1.90851847,144.47000000
248,0.03101563,-1.90717863,145.06000000
249,0.02948242,-1.90787264,144.07000000
250,0.02992188,-1.90931441,143.90000000
251,0.02883789,-1.90924001,144.22000000
252,0.02873047,-1.90851071,144.43000000
253,0.02929688,-1.90974632,143.75000000
254,0.03048828,-1.90897630,144.50000000
255,0.03011719,-1.90909032,144.64000000
256,0.02956055,-1.90934465,144.00000000
257,0.02876953,-1.91087696,143.27000000
258,0.02893555,-1.91078287,143.32000000
259,0.02833984,-1.91240823,142.93000000
260,0.02910156,-1.91216136,143.02000000
261,0.02983398,-1.91136375,143.43000000
262,0.03046875,-1.91038201,144.58000000
263,0.03160156,-1.90952186,144.79000000
264,0.03273438,-1.90938493,144.38000000
265,0.03176758,-1.91110129,143.26000000
266,0.03164062,-1.91102176,143.36000000
267,0.03113281,-1.91035382,144.11000000
268,0.03105469,-1.91094625,144.21000000
269,0.03091797,-1.91298088,142.34000000
270,0.03222656,-1.91195503,143.32000000
271,0.03195312,-1.91174918,143.76000000
272,0.03120117,-1.91173167,143.86000000
273,0.03134766,-1.91161707,143.11000000
274,0.03071289,-1.91123900,142.94000000
275,0.03079102,-1.91233939,142.96000000
276,0.02927734,-1.91205070,142.44000000
277,0.02844727,-1.91122707,143.39000000
278,0.02879883,-1.91200575,143.35000000
279,0.02856445,-1.90974776,144.91000000
280,0.02758789,-1.91202654,143.11000000
281,0.02830078,-1.91166589,144.06000000
282,0.03012695,-1.91161127,143.66000000
283,0.02879883,-1.91266557,143.08000000
284,0.02818359,-1.91307621,142.94000000
285,0.02892578,-1.91450500,142.32000000
286,0.03043945,-1.91337898,143.03000000
287,0.03071289,-1.91211910,144.05000000
288,0.03239258,-1.91296701,143.55000000
289,0.03187500,-1.91291537,143.16000000
290,0.03500977,-1.91177868,143.52000000
291,0.03498047,-1.91077478,143.49000000
292,0.03507813,-1.91137526,143.87000000
293,0.03544922,-1.91184147,143.72000000
294,0.03426758,-1.91372856,142.91000000
295,0.03417969,-1.91365664,142.80000000
296,0.03416016,-1.91290158,143.49000000
297,0.03206055,-1.91297752,143.56000000
298,0.03359375,-1.91306835,143.34000000
299,0.03478516,-1.91253939,143.32000000
300,0.03296875,-1.91246335,143.40000000
301,0.03208008,-1.91341923,143.50000000
302,0.03214844,-1.91413007,142.59000000
303,0.03193359,-1.91289918,143.12000000
304,0.03175781,-1.91280118,142.97000000
305,0.03164062,-1.91370169,142.71000000
306,0.03288086,-1.91283048,142.95000000
307,0.03226562,-1.91272184,142.90000000
308,0.03202148,-1.91294720,143.07000000
309,0.03190430,-1.91234452,143.20000000
310,0.03154297,-1.91256436,143.54000000
311,0.03069336,-1.91294230,143.39000000
312,0.03029297,-1.91333325,142.95000000
313,0.03042969,-1.91418746,142.40000000
314,0.02864258,-1.91336806,143.78000000
315,0.03023438,-1.91385972,143.39000000
316,0.03036133,-1.91360178,143.72000000
317,0.03071289,-1.91293690,144.63000000
318,0.03122070,-1.91261166,144.95000000
319,0.03117188,-1.91152826,145.30000000
320,0.03093750,-1.91207677,145.08000000
321,0.03225586,-1.91237027,144.83000000
322,0.03068359,-1.91374581,144.08000000
323,0.03059570,-1.91323519,144.77000000
324,0.03164062,-1.91285632,144.28000000
325,0.03202148,-1.91391020,144.00000000
326,0.03262695,-1.91416411,143.50000000
327,0.03298828,-1.91387975,143.60000000
328,0.03352539,-1.91387162,143.85000000
329,0.03375000,-1.91335688,144.01000000
330,0.03528320,-1.91441233,143.70000000
331,0.03576172,-1.91382110,143.77000000
332,0.03630859,-1.91437544,143.82000000
333,0.03758789,-1.91462653,144.03000000
334,0.03713867,-1.91396249,144.43000000
335,0.03711914,-1.91560159,142.96000000
336,0.03744141,-1.91562417,143.00000000
337,0.03680664,-1.91598828,142.52000000
338,0.03782227,-1.91555511,143.35000000
339,0.03724609,-1.91663929,142.53000000
340,0.03670898,-1.91650331,142.39000000
341,0.03686523,-1.91678830,141.85000000
342,0.03745117,-1.91632467,142.87000000
343,0.03655273,-1.91614183,142.60000000
344,0.03733398,-1.91664229,141.88000000
345,0.03642578,-1.91513632,142.44000000
346,0.03732422,-1.91536813,142.51000000
347,0.03773438,-1.91540480,142.31000000
348,0.03813477,-1.91520126,142.06000000
349,0.03697266,-1.91559040,142.32000000
350,0.03633789,-1.91691189,141.41000000
351,0.03809570,-1.91807415,140.89000000
352,0.03695313,-1.91621493,142.06000000
353,0.03616211,-1.91569321,142.27000000
354,0.03714844,-1.91588636,142.33000000
355,0.03754883,-1.91561845,142.24000000
356,0.03664063,-1.91562124,142.50000000
357,0.03698242,-1.91666951,142.30000000
358,0.03674805,-1.91714544,141.95000000
359,0.03673828,-1.91571668,143.37000000
360,0.03595703,-1.91681993,142.53000000
361,0.03497070,-1.91622403,143.06000000
362,0.03586914,-1.91641104,142.81000000
363,0.03580078,-1.91608380,143.13000000
364,0.03664063,-1.91708812,142.18000000
365,0.03728516,-1.91636195,142.47000000
366,0.03741211,-1.91755855,141.60000000
367,0.03744141,-1.91770727,141.77000000
368,0.03596680,-1.91703181,142.13000000
369,0.03598633,-1.91699945,142.40000000
370,0.03603516,-1.91707668,142.32000000
371,0.03674805,-1.91748828,141.99000000
372,0.03663086,-1.91789827,141.60000000
373,0.03643555,-1.91735493,142.33000000
374,0.03667969,-1.91760355,141.99000000
375,0.03578125,-1.91772898,141.75000000
376,0.03666992,-1.91778814,141.62000000
377,0.03536133,-1.91722683,142.11000000
378,0.03523437,-1.91743950,142.82000000
379,0.03660156,-1.91777460,142.40000000
380,0.03769531,-1.91759581,142.27000000
381,0.03789062,-1.91813209,141.24000000
382,0.03709961,-1.91818173,141.21000000
383,0.03753906,-1.91770598,141.30000000
384,0.03712891,-1.91610540,142.57000000
385,0.03720703,-1.91639468,143.74000000
386,0.03729492,-1.91673210,143.32000000
387,0.03852539,-1.91747998,143.29000000
388,0.03830078,-1.91764774,142.85000000
389,0.03781250,-1.91793163,142.62000000
390,0.03844727,-1.91645647,142.78000000
391,0.03879883,-1.91738165,141.65000000
392,0.03859375,-1.91782086,141.87000000
393,0.03871094,-1.91802520,141.34000000
394,0.03918945,-1.91817913,141.13000000
395,0.03962891,-1.91781105,142.08000000
396,0.03856445,-1.91800243,141.34000000
397,0.03943359,-1.91733370,142.25000000
398,0.03938477,-1.91667612,142.83000000
399,0.03820312,-1.91763806,142.47000000
400,0.03892578,-1.91782930,141.57000000
401,0.04006836,-1.91738096,142.59000000
402,0.04111328,-1.91891062,141.48000000
403,0.04168945,-1.91916070,141.78000000
404,0.04084961,-1.91843930,142.42000000
405,0.03982422,-1.91862698,142.11000000
406,0.03949219,-1.92060931,141.14000000
407,0.03992188,-1.92080733,140.24000000
408,0.03986328,-1.91873339,141.37000000
409,0.04076172,-1.91851569,141.31000000
410,0.03930664,-1.91890501,141.65000000
411,0.03898438,-1.91941082,141.46000000
412,0.04075195,-1.92035368,140.64000000
413,0.04121094,-1.91921168,141.63000000
414,0.04162109,-1.91881613,141.67000000
415,0.04201172,-1.91904616,141.43000000
416,0.04268555,-1.92065457,140.26000000
417,0.04329102,-1.91986887,140.88000000
418,0.04372070,-1.92000375,141.49000000
419,0.04368164,-1.92076081,140.91000000
420,0.04577148,-1.91999731,141.38000000
421,0.04615234,-1.91947013,142.00000000
422,0.04641602,-1.91836188,142.88000000
423,0.04516602,-1.91932284,142.34000000
424,0.04507812,-1.91962940,141.48000000
425,0.04399414,-1.92039340,141.20000000
426,0.04352539,-1.92034387,141.10000000
427,0.04298828,-1.92071520,140.91000000
428,0.04360352,-1.92077212,140.68000000
429,0.04416016,-1.91889400,141.66000000
430,0.04656250,-1.91944007,141.84000000
431,0.04665039,-1.92041178,141.28000000
432,0.04743164,-1.92014069,141.29000000
433,0.04599609,-1.92111768,141.09000000
434,0.04688477,-1.92041470,141.91000000
435,0.04799805,-1.92061978,141.55000000
436,0.04823242,-1.92055620,141.28000000
437,0.04830078,-1.92148836,140.70000000
438,0.04694336,-1.91951963,141.74000000
439,0.04787109,-1.92085342,141.28000000
440,0.04765625,-1.92066888,141.60000000
441,0.04713867,-1.91977381,141.75000000
442,0.04685547,-1.92074830,140.68000000
443,0.04636719,-1.92219865,140.35000000
444,0.04769531,-1.92294245,139.64000000
445,0.04751953,-1.92099870,140.78000000
446,0.04803711,-1.92167594,140.70000000
447,0.04831055,-1.92233181,139.88000000
448,0.04910156,-1.92074973,141.10000000
449,0.04904297,-1.92163147,140.64000000
450,0.04885742,-1.92258714,140.29000000
451,0.04914063,-1.92189997,140.84000000
452,0.05244141,-1.92207304,140.37000000
453,0.05220703,-1.92258721,139.85000000
454,0.05339844,-1.92200445,140.11000000
455,0.05269531,-1.92134285,140.56000000
456,0.05248047,-1.92114869,140.81000000
457,0.05260742,-1.92179147,141.02000000
458,0.05263672,-1.92133743,140.92000000
459,0.05266602,-1.92097695,141.06000000
460,0.05323242,-1.92138620,140.80000000
461,0.05244141,-1.92209446,140.46000000
462,0.05234375,-1.92250570,139.63000000
463,0.05243164,-1.92140229,140.00000000
464,0.05321289,-1.92287538,139.40000000
465,0.05151367,-1.92341977,139.49000000
466,0.05119141,-1.92492553,138.37000000
467,0.05181641,-1.92365492,139.51000000
468,0.05208984,-1.92175399,140.47000000
469,0.05395508,-1.92188023,139.74000000
470,0.05363281,-1.92093347,140.76000000
471,0.05183594,-1.92153614,140.75000000
472,0.05303711,-1.92201409,140.23000000
473,0.05416992,-1.92382892,139.01000000
474,0.05485352,-1.92437361,137.91000000
475,0.05420898,-1.92183616,139.49000000
476,0.05371094,-1.92269697,139.14000000
477,0.05455078,-1.92186617,139.84000000
478,0.05363281,-1.92391100,139.04000000
479,0.05312500,-1.92423667,138.31000000
480,0.05298828,-1.92456478,138.20000000
481,0.05126953,-1.92334317,138.88000000
482,0.05183594,-1.92305652,139.35000000
483,0.05137695,-1.92204244,139.72000000
484,0.05319336,-1.92160741,140.44000000
485,0.05291992,-1.92195658,140.23000000
486,0.05276367,-1.92206217,139.52000000
487,0.05385742,-1.92374499,138.57000000
488,0.05310547,-1.92338519,139.59000000
489,0.05196289,-1.92362706,139.09000000
490,0.05231445,-1.92391569,138.29000000
491,0.05381836,-1.92234177,140.34000000
492,0.05376953,-1.92353673,139.79000000
493,0.05522461,-1.92372715,139.80000000
494,0.05546875,-1.92338017,139.61000000
495,0.05366211,-1.92475376,138.45000000
496,0.05324219,-1.92320811,139.46000000
497,0.05312500,-1.92352856,139.10000000
498,0.05265625,-1.92159067,140.81000000
499,0.05183594,-1.92350389,139.74000000
518,0.05308594,-1.92257522,140.16000000
537,0.05168945,-1.92535271,138.73000000
556,0.05201172,-1.92478614,139.17000000
575,0.05487305,-1.92722464,137.24000000
594,0.05344727,-1.92761391,136.15000000
613,0.05283203,-1.93073433,134.96000000
632,0.05570312,-1.93048708,135.65000000
651,0.05737305,-1.93202403,134.31000000
670,0.05753906,-1.93146436,133.80000000
689,0.05592773,-1.93066637,134.99000000
708,0.05163086,-1.93378623,133.61000000
727,0.05084961,-1.93349240,133.06000000
746,0.05401367,-1.93199991,134.95000000
765,0.05714844,-1.93405015,132.43000000
784,0.05352539,-1.93402926,133.08000000
803,0.05804687,-1.93520350,131.86000000
822,0.05558594,-1.93650137,131.70000000
841,0.05922852,-1.93470749,132.99000000
860,0.05904297,-1.93860504,129.80000000
879,0.05832031,-1.93697795,130.12000000
898,0.05291992,-1.93764711,130.84000000
917,0.05221680,-1.93673447,131.07000000
936,0.05218750,-1.93748289,130.75000000
955,0.05448242,-1.93972218,127.60000000
974,0.05578125,-1.93900704,129.31000000
993,0.05662109,-1.93921125,129.58000000
1012,0.05374023,-1.93852585,129.38000000
1031,0.05475586,-1.93930325,129.90000000
1050,0.05542969,-1.94182903,127.74000000
1069,0.05146484,-1.94301136,126.32000000
1088,0.05085937,-1.94127784,126.25000000
1107,0.05831055,-1.94077631,127.80000000
1126,0.05753906,-1.94151333,126.62000000
1145,0.05919922,-1.94030215,127.85000000
1164,0.06004883,-1.94147361,126.68000000
1183,0.06282227,-1.94277823,125.37000000
1202,0.06058594,-1.94303851,126.50000000
1221,0.06097656,-1.94245922,126.82000000
1240,0.06144531,-1.94354949,125.31000000
1259,0.06289063,-1.94358200,126.84000000
1278,0.06653320,-1.94228129,127.59000000
1297,0.06789062,-1.94335612,126.37000000
1316,0.06788086,-1.94465040,125.27000000
1335,0.07032227,-1.94377951,126.79000000
1354,0.07030273,-1.94600898,124.35000000
1373,0.06853516,-1.94472132,125.67000000
1392,0.06861328,-1.94527063,124.88000000
1411,0.06992187,-1.94657608,124.15000000
1430,0.06875977,-1.94582953,124.08000000
1449,0.07000000,-1.94676810,124.06000000
1468,0.07152344,-1.94585698,124.92000000
1487,0.07326172,-1.94502953,125.70000000
1506,0.06984375,-1.94537582,124.85000000
1525,0.06752930,-1.94588542,124.79000000
1544,0.06633789,-1.94627846,124.74000000
1563,0.06833984,-1.94622918,124.12000000
1582,0.07050781,-1.94571829,124.20000000
1601,0.06731445,-1.94470593,124.34000000
1620,0.06595703,-1.94832829,123.35000000
1639,0.06542969,-1.94695218,123.02000000
1658,0.06814453,-1.94721788,122.61000000
1677,0.06819336,-1.94718058,123.26000000
1696,0.06624023,-1.94886772,121.14000000
1715,0.06665039,-1.94772323,122.33000000
1734,0.06360352,-1.94652012,123.42000000
1753,0.06515625,-1.94695209,123.87000000
1772,0.06654297,-1.94721711,123.43000000
1791,0.06397461,-1.94639460,124.27000000
1810,0.06217773,-1.94801026,123.46000000
1829,0.06784180,-1.94872618,122.52000000
1848,0.06881836,-1.94796084,122.77000000
1867,0.06809570,-1.94731665,123.37000000
1886,0.06773437,-1.94728317,122.99000000
1905,0.07074219,-1.94792323,122.67000000
1924,0.06763672,-1.94701622,122.54000000
1943,0.06745117,-1.94776304,122.89000000
1962,0.06567383,-1.94932712,121.53000000
1981,0.06843750,-1.95040926,120.91000000
2000,0.06950195,-1.94960714,121.03000000
2019,0.06958008,-1.94805460,121.79000000
2038,0.07270508,-1.95004229,119.97000000
2057,0.07291992,-1.95016594,119.52000000
2076,0.07005859,-1.94924865,121.76000000
2095,0.07422852,-1.94915009,121.24000000
2114,0.07563477,-1.94902836,121.00000000
2133,0.07400391,-1.94883139,121.49000000
2152,0.07618164,-1.94913603,121.01000000
2171,0.07781250,-1.95012670,120.46000000
2190,0.07943359,-1.94990804,120.69000000
2209,0.08187500,-1.94776951,122.10000000
2228,0.08418945,-1.94983634,121.02000000
2247,0.08425781,-1.94999700,121.36000000
2266,0.08400391,-1.95026637,120.55000000
2285,0.08549805,-1.95052650,120.47000000
2304,0.08252930,-1.95112460,119.50000000
2323,0.08109375,-1.95024560,120.35000000
2342,0.07965820,-1.95231032,119.81000000
2361,0.07932617,-1.95033119,120.65000000
2380,0.08068359,-1.95027227,119.92000000
2399,0.07904297,-1.95014958,120.77000000
2418,0.08385742,-1.95096861,120.10000000
2437,0.08102539,-1.95088915,119.90000000
2456,0.07874023,-1.95052356,120.10000000
2475,0.08127930,-1.95127192,119.08000000
2494,0.08751953,-1.95153213,119.56000000
2513,0.08853516,-1.95082081,120.41000000
2532,0.09067383,-1.95106334,119.81000000
2551,0.09359375,-1.95219849,118.66000000
2570,0.09088867,-1.95135963,119.20000000
2589,0.09337891,-1.95194705,118.84000000
2608,0.09198242,-1.95047362,119.74000000
2627,0.09362305,-1.95175808,118.96000000
2646,0.09345703,-1.95218064,118.23000000
2665,0.08855469,-1.95290721,118.44000000
2684,0.09221680,-1.95161034,118.89000000
2703,0.09223633,-1.95272166,118.31000000
2722,0.09488281,-1.95215016,118.75000000
2741,0.09333984,-1.95264945,118.74000000
2760,0.08995117,-1.95222663,118.70000000
2779,0.09251953,-1.95339975,118.23000000
2798,0.09564453,-1.95316124,117.76000000
2817,0.09525391,-1.95251679,118.62000000
2836,0.09376953,-1.95348508,117.45000000
2855,0.09317383,-1.95258305,118.56000000
2874,0.09708984,-1.95345708,118.14000000
2893,0.09180664,-1.95161078,118.96000000
2912,0.09254883,-1.95216883,118.35000000
2931,0.09038086,-1.95251996,118.52000000
2950,0.09250977,-1.95293191,118.62000000
2969,0.09462891,-1.95566277,116.21000000
2988,0.09018555,-1.95259220,117.69000000
3007,0.08737305,-1.95271770,117.78000000
3026,0.08873047,-1.95531078,116.23000000
3045,0.08647461,-1.95368629,117.78000000
3064,0.08492187,-1.95381337,117.71000000
3083,0.08844727,-1.95399119,117.46000000
3102,0.08721680,-1.95229326,118.85000000
3121,0.08567383,-1.95261036,117.88000000
3140,0.08484375,-1.95278158,118.71000000
3159,0.08457031,-1.95339627,117.73000000
3178,0.08422852,-1.95382408,117.95000000
3197,0.08451172,-1.95416766,116.61000000
3216,0.08918945,-1.95449589,116.26000000
3235,0.09195312,-1.95430416,116.45000000
3254,0.08950195,-1.95361777,116.57000000
3273,0.09294922,-1.95439948,116.35000000
3292,0.09211914,-1.95232471,117.81000000
3311,0.09272461,-1.95339140,117.44000000
3330,0.09436523,-1.95378391,116.73000000
3349,0.09435547,-1.95416864,117.24000000
3368,0.09703125,-1.95360433,117.52000000
3387,0.09614258,-1.95360498,117.78000000
3406,0.09542969,-1.95500081,116.61000000
3425,0.09302734,-1.95410090,117.29000000
3444,0.09310547,-1.95350204,118.70000000
3463,0.09268555,-1.95342456,118.41000000
3482,0.09216797,-1.95336959,118.33000000
3501,0.09084961,-1.95483837,116.29000000
3520,0.09082031,-1.95415080,117.12000000
3539,0.08910156,-1.95459009,117.27000000
3558,0.09064453,-1.95355788,116.64000000
3577,0.09252930,-1.95479356,116.77000000
3596,0.09458008,-1.95483906,116.44000000
3615,0.09765625,-1.95502639,116.50000000
3634,0.09462891,-1.95447881,116.90000000
3653,0.09542969,-1.95659109,115.13000000
3672,0.09621094,-1.95582886,114.89000000
3691,0.09504883,-1.95399009,115.75000000
3710,0.09221680,-1.95536906,115.53000000
3729,0.09503906,-1.95585375,115.49000000
3748,0.09250000,-1.95583428,114.47000000
3767,0.09550781,-1.95665106,115.16000000
3786,0.09335937,-1.95664728,114.95000000
3805,0.09475586,-1.95695332,114.53000000
3824,0.09311523,-1.95400800,116.15000000
3843,0.09086914,-1.95271121,117.88000000
3862,0.09030273,-1.95486101,115.81000000
3881,0.09345703,-1.95557407,115.30000000
3900,0.09600586,-1.95460011,115.85000000
3919,0.09736328,-1.95456329,116.97000000
3938,0.09775391,-1.95466137,115.88000000
3957,0.09413086,-1.95359977,116.86000000
3976,0.09618164,-1.95559201,116.19000000
3995,0.09693359,-1.95432861,116.89000000
4014,0.09322266,-1.95416926,115.96000000
4033,0.09405273,-1.95513580,115.99000000
4052,0.09072266,-1.95623814,115.18000000
4071,0.09143555,-1.95550092,115.76000000
4090,0.09189453,-1.95649672,116.08000000
4109,0.09265625,-1.95559369,115.61000000
4128,0.09427734,-1.95517074,115.97000000
4147,0.09159180,-1.95498700,116.76000000
4166,0.09044922,-1.95549999,115.90000000
4185,0.08983398,-1.95691629,115.19000000
4204,0.09057617,-1.95546244,115.47000000
4223,0.09262695,-1.95438434,116.40000000
4242,0.09038086,-1.95493863,115.31000000
4261,0.09195312,-1.95571507,114.75000000
4280,0.09018555,-1.95573140,115.33000000
4299,0.09023438,-1.95524964,115.80000000
4318,0.08821289,-1.95525521,116.44000000
4337,0.08598633,-1.95466345,116.22000000
4356,0.08768555,-1.95595973,115.99000000
4375,0.08908203,-1.95537313,115.91000000
4394,0.09250977,-1.95628751,115.73000000
4413,0.09133789,-1.95727083,114.46000000
4432,0.09182617,-1.95575229,116.12000000
4451,0.08814453,-1.95678963,115.23000000
4470,0.09201172,-1.95566336,115.52000000
4489,0.09229492,-1.95508867,115.76000000
4508,0.09486328,-1.95667829,115.51000000
4527,0.09042969,-1.95556935,116.57000000
4546,0.09064453,-1.95630552,115.58000000
4565,0.09090820,-1.95742566,115.47000000
4584,0.09289063,-1.95649668,115.46000000
4603,0.09249023,-1.95680952,115.33000000
4622,0.09333984,-1.95665835,114.37000000
4641,0.09118164,-1.95594236,115.35000000
4660,0.09159180,-1.95792820,113.86000000
4679,0.09179688,-1.95557199,115.39000000
4698,0.09224609,-1.95601024,115.80000000
4717,0.09457031,-1.95799902,114.24000000
4736,0.09451172,-1.95638081,116.11000000
4755,0.09602539,-1.95588476,114.94000000
4774,0.09634766,-1.95658957,113.67000000
4793,0.09714844,-1.95775838,113.04000000
4812,0.09973633,-1.95713974,115.26000000
4831,0.09773437,-1.95677331,115.53000000
4850,0.10009766,-1.95456518,116.22000000
4869,0.10336914,-1.95687449,114.63000000
4888,0.10513672,-1.95589819,114.90000000
4907,0.10074219,-1.95731755,114.33000000
4926,0.10110352,-1.95741032,114.12000000
4945,0.10190430,-1.95820987,113.64000000
4964,0.10477539,-1.95768337,112.77000000
4983,0.10222656,-1.95608775,115.30000000
5002,0.10118164,-1.95750125,114.71000000
5021,0.10314453,-1.95690153,114.48000000
5040,0.09979492,-1.95732511,114.04000000
5059,0.09783203,-1.95702286,113.84000000
5078,0.10022461,-1.95809015,113.29000000
5097,0.09869141,-1.95684451,114.81000000
5116,0.09980469,-1.95847075,113.38000000
5135,0.10196289,-1.95682240,114.51000000
5154,0.10150391,-1.95728177,114.05000000
5173,0.10190430,-1.95697154,114.89000000
5192,0.10139648,-1.95784499,112.67000000
5211,0.09821289,-1.95762178,113.51000000
5230,0.09875000,-1.95896536,112.40000000
5249,0.09859375,-1.95849206,113.43000000
5268,0.09683594,-1.95980943,112.09000000
5287,0.09834961,-1.95874089,112.44000000
5306,0.09767578,-1.95825139,113.11000000
5325,0.10031250,-1.95964785,111.49000000
5344,0.09896484,-1.95891808,112.83000000
5363,0.09993164,-1.95778074,113.19000000
5382,0.09867188,-1.95864113,112.92000000
5401,0.09716797,-1.95852645,112.22000000
5420,0.09870117,-1.95994991,111.10000000
5439,0.09857422,-1.95984475,110.65000000
5458,0.09979492,-1.95992411,110.99000000
5477,0.09575195,-1.95952768,111.79000000
5496,0.09445312,-1.95804198,112.57000000
5515,0.09517578,-1.95957644,112.52000000
5534,0.09291016,-1.95806826,113.61000000
5553,0.09382812,-1.95755607,113.51000000
5572,0.09534180,-1.95982387,111.94000000
5591,0.09887695,-1.96116340,110.06000000
5610,0.10037109,-1.95892986,111.28000000
5629,0.09908203,-1.95812429,112.44000000
5648,0.10244141,-1.95948664,111.56000000
5667,0.10210938,-1.95832415,114.20000000
5686,0.10054687,-1.95797407,113.32000000
5705,0.10100586,-1.95647887,114.20000000
5724,0.09815430,-1.95976023,111.39000000
5743,0.09586914,-1.95918300,113.09000000
5762,0.09852539,-1.95777920,114.25000000
5781,0.10159180,-1.95872091,112.49000000
5800,0.10005859,-1.95865731,113.09000000
5819,0.09673828,-1.95949749,111.89000000
5838,0.09545898,-1.96037006,111.37000000
5857,0.09592773,-1.95995049,112.45000000
5876,0.09383789,-1.95938074,111.99000000
5895,0.09681641,-1.96038690,111.28000000
5914,0.09751953,-1.95805049,112.58000000
5933,0.10021484,-1.95966484,111.82000000
5952,0.09898437,-1.95831739,112.40000000
5971,0.09821289,-1.95839977,112.21000000
5990,0.09792969,-1.95960340,111.61000000
6009,0.09685547,-1.96242933,109.99000000
6028,0.09868164,-1.95889625,111.72000000
6047,0.09773437,-1.95941509,111.34000000
6066,0.09959961,-1.96108065,110.40000000
6085,0.10075195,-1.95841674,111.82000000
6104,0.10284180,-1.96050513,110.89000000
6123,0.09824219,-1.96033496,111.11000000
6142,0.10213867,-1.96089298,110.74000000
6161,0.10292969,-1.96113270,110.42000000
6180,0.10295898,-1.95895892,112.11000000
6199,0.10150391,-1.96185418,109.82000000
6218,0.10192383,-1.95954437,111.70000000
6237,0.09947266,-1.95966849,111.57000000
6256,0.09931641,-1.95998326,111.13000000
6275,0.10048828,-1.95980632,111.22000000
6294,0.09750977,-1.96074682,110.42000000
6313,0.09863281,-1.96023623,110.43000000
6332,0.09744141,-1.95990079,110.64000000
6351,0.09702148,-1.95980041,111.63000000
6370,0.09815430,-1.96020401,111.13000000
6389,0.09486328,-1.95918539,111.17000000
6408,0.09723633,-1.95902884,112.32000000
6427,0.09386719,-1.95959673,111.65000000
6446,0.09385742,-1.96012142,111.32000000
6465,0.09374023,-1.95943458,111.82000000
6484,0.09533203,-1.96036925,110.21000000
6503,0.09450195,-1.96000887,110.76000000
6522,0.09362305,-1.95990036,111.36000000
6541,0.09433594,-1.95886547,111.81000000
6560,0.09376953,-1.96079687,110.08000000
6579,0.09389648,-1.96084604,111.92000000
6598,0.09588867,-1.95954299,111.81000000
6617,0.09825195,-1.95660146,114.16000000
6636,0.09484375,-1.96009013,110.72000000
6655,0.09960938,-1.95958055,110.91000000
6674,0.10035156,-1.95958980,110.56000000
6693,0.10031250,-1.96159861,108.73000000
6712,0.09695313,-1.96101274,109.78000000
6731,0.09359375,-1.95956506,111.57000000
6750,0.09674805,-1.96020728,111.32000000
6769,0.09781250,-1.95956581,111.90000000
6788,0.09604492,-1.95873681,111.77000000
6807,0.09470703,-1.95963166,111.87000000
6826,0.09180664,-1.96067363,111.32000000
6845,0.09313477,-1.95913793,111.54000000
6864,0.09375000,-1.96027481,111.33000000
6883,0.09478516,-1.96050518,111.12000000
6902,0.09673828,-1.96215860,109.78000000
6921,0.09900391,-1.96109637,110.79000000
6940,0.10046875,-1.96242310,109.44000000
6959,0.09877930,-1.95960080,110.60000000
6978,0.09337891,-1.96155110,110.14000000
6997,0.09612305,-1.96140258,109.26000000
7016,0.09623047,-1.96099189,109.75000000
7035,0.09791016,-1.96033582,109.96000000
7054,0.09439453,-1.95977973,110.82000000
7073,0.09704102,-1.96107368,110.11000000
7092,0.09311523,-1.96141032,109.56000000
7111,0.09472656,-1.95999317,110.44000000
7130,0.09372070,-1.96107232,109.77000000
7149,0.09204102,-1.96293595,107.98000000
7168,0.09028320,-1.96010390,110.21000000
7187,0.08953125,-1.96165955,109.44000000
7206,0.09422852,-1.96189153,109.66000000
7225,0.09332031,-1.96102404,110.36000000
7244,0.09575195,-1.95998928,112.01000000
7263,0.09604492,-1.95910667,111.07000000
7282,0.09892578,-1.96062695,111.15000000
7301,0.09715820,-1.96141289,110.15000000
7320,0.09717773,-1.96035357,111.39000000
7339,0.09963867,-1.96010918,111.33000000
7358,0.09762695,-1.96115282,110.32000000
7377,0.09486328,-1.96088975,110.13000000
7396,0.09426758,-1.96111080,110.77000000
7415,0.09329102,-1.96081626,110.16000000
7434,0.09921875,-1.96063828,110.78000000
7453,0.09860352,-1.96087025,110.05000000
7472,0.09634766,-1.96078144,110.37000000
7491,0.09360352,-1.95989905,111.16000000
7510,0.09470703,-1.95931689,111.32000000
7529,0.09722656,-1.96086677,110.50000000
7548,0.09836914,-1.96197313,108.51000000
7567,0.09935547,-1.96053422,109.45000000
7586,0.09688477,-1.96170301,109.72000000
7605,0.09861328,-1.96079983,110.68000000
7624,0.09839844,-1.96103972,109.76000000
7643,0.10083984,-1.96332732,108.28000000
7662,0.10291016,-1.96141554,110.61000000
7681,0.10297852,-1.96243117,108.78000000
7700,0.10214844,-1.95968464,110.37000000
7719,0.10547852,-1.96144655,109.46000000
7738,0.10048828,-1.95966512,111.03000000
7757,0.10496094,-1.96115336,109.86000000
7776,0.10308594,-1.96090549,110.30000000
7795,0.10089844,-1.95821387,111.34000000
7814,0.10096680,-1.96133849,110.34000000
7833,0.10212891,-1.96064715,110.80000000
7852,0.10411133,-1.96091073,110.23000000
7871,0.10761719,-1.95933126,111.41000000
7890,0.10895508,-1.96172532,110.07000000
7909,0.10587891,-1.96203876,109.93000000
7928,0.10229492,-1.96189248,109.73000000
7947,0.10098633,-1.96068107,111.31000000
7966,0.10395508,-1.95954829,111.53000000
7985,0.10144531,-1.95997275,111.14000000
8004,0.10777344,-1.96071150,111.20000000
8023,0.10564453,-1.96156867,110.46000000
8042,0.10678711,-1.96172925,110.51000000
8061,0.10506836,-1.96291170,109.59000000
8080,0.10377930,-1.96122692,111.78000000
8099,0.10456055,-1.95937478,112.33000000
8118,0.10196289,-1.96080017,110.79000000
8137,0.10127930,-1.96122596,109.87000000
8156,0.10484375,-1.96054667,110.87000000
8175,0.10193359,-1.96063645,111.57000000
8194,0.10192383,-1.96143157,110.28000000
8213,0.10518555,-1.96101865,110.02000000
8232,0.10221680,-1.96134657,110.17000000
8251,0.10296875,-1.96212015,110.04000000
8270,0.10496094,-1.96099323,108.91000000
8289,0.10336914,-1.96163572,109.36000000
8308,0.10500977,-1.96133010,109.60000000
8327,0.10424805,-1.96151207,109.14000000
8346,0.10601563,-1.95987430,110.60000000
8365,0.10380859,-1.96118342,109.69000000
8384,0.10495117,-1.96071182,110.30000000
8403,0.10454102,-1.96100807,109.75000000
8422,0.10379883,-1.96100736,109.39000000
8441,0.10399414,-1.96164973,109.19000000
8460,0.10767578,-1.96178692,109.09000000
8479,0.10914063,-1.96306489,108.37000000
8498,0.10850586,-1.96203045,109.48000000
8517,0.10895508,-1.96083860,109.82000000
8536,0.10257813,-1.96212448,110.11000000
8555,0.10432617,-1.96103593,110.43000000
8574,0.10248047,-1.96150160,109.90000000
8593,0.10233398,-1.96195316,109.95000000
8612,0.10006836,-1.96204694,109.75000000
8631,0.09761719,-1.96193616,109.97000000
8650,0.09999023,-1.96049813,110.23000000
8669,0.10043945,-1.95994478,110.35000000
8688,0.10365234,-1.96167302,109.14000000
8707,0.10209961,-1.96115824,110.34000000
8726,0.10484375,-1.96049634,110.29000000
8745,0.10287109,-1.96061289,110.10000000
8764,0.10405273,-1.96243569,108.84000000
8783,0.10607422,-1.96252955,108.29000000
8802,0.10184570,-1.96243639,108.30000000
8821,0.10368164,-1.96247498,108.00000000
8840,0.10427734,-1.96231366,108.61000000
8859,0.10463867,-1.96345578,108.06000000
8878,0.10455078,-1.96228439,108.93000000
8897,0.10268555,-1.96217512,108.26000000
8916,0.10265625,-1.96028163,110.52000000
8935,0.10075195,-1.96121576,109.66000000
8954,0.10227539,-1.96220221,109.21000000
8973,0.10264648,-1.96174064,110.05000000
8992,0.10569336,-1.96230839,109.20000000
9011,0.10082031,-1.96158157,109.24000000
9030,0.10051758,-1.96133554,109.37000000
9049,0.10080078,-1.96180616,108.79000000
9068,0.10155273,-1.96033413,110.61000000
9087,0.10448242,-1.96207422,108.98000000
9106,0.10268555,-1.96291233,108.82000000
9125,0.10546875,-1.96330536,108.79000000
9144,0.10338867,-1.96214284,108.78000000
9163,0.10389648,-1.96397133,107.23000000
9182,0.10093750,-1.96134298,109.03000000
9201,0.09859375,-1.96112541,109.80000000
9220,0.10015625,-1.96250107,108.54000000
9239,0.09937500,-1.96264632,108.54000000
9258,0.10188477,-1.96169039,108.49000000
9277,0.10169922,-1.96213678,108.78000000
9296,0.10233398,-1.96162920,109.15000000
9315,0.10425781,-1.96265465,108.72000000
9334,0.10488281,-1.96255434,108.25000000
9353,0.10040039,-1.96150229,110.22000000
9372,0.10045898,-1.96135656,109.92000000
9391,0.10370117,-1.96137571,110.45000000
9410,0.10494141,-1.96158971,109.85000000
9429,0.10377930,-1.96270805,108.87000000
9448,0.10673828,-1.96156396,110.23000000
9467,0.10872070,-1.96170528,109.54000000
9486,0.10426758,-1.95997402,112.22000000
9505,0.10493164,-1.96256300,109.98000000
9524,0.10575195,-1.96114095,109.96000000
9543,0.10720703,-1.96074271,110.61000000
9562,0.10665039,-1.96038340,111.31000000
9581,0.10698242,-1.96101274,110.69000000
9600,0.10602539,-1.96226547,108.81000000
9619,0.10335938,-1.96116457,110.98000000
9638,0.10059570,-1.96083913,110.52000000
9657,0.10226562,-1.96194140,110.34000000
9676,0.10495117,-1.96191048,109.35000000
9695,0.10203125,-1.96001398,110.58000000
9714,0.10324219,-1.96212066,109.82000000
9733,0.10346680,-1.96255730,109.25000000
9752,0.10059570,-1.96043621,109.90000000
9771,0.10041016,-1.96264262,109.35000000
9790,0.09947266,-1.96212456,109.53000000
9809,0.10273438,-1.96178196,109.58000000
9828,0.10032227,-1.96203144,110.29000000
9847,0.10213867,-1.96257340,108.97000000
9866,0.10198242,-1.96321184,108.06000000
9885,0.10306641,-1.96286187,108.93000000
9904,0.10428711,-1.96137539,109.71000000
9923,0.10355469,-1.96192150,109.31000000
9942,0.10469727,-1.96281827,109.09000000
9961,0.10324219,-1.96164631,108.97000000
9980,0.10274414,-1.96188163,110.30000000
9999,0.10399414,-1.96187378,109.86000000
